"No.","Time","Source","Destination","Protocol","Length","Info"
"1","0.000000","10.2.13.112","13.107.42.14","TCP","78","55267  >  443 [SYN] Seq=0 Win=65535 Len=0 MSS=1460 WS=64 TSval=230799485 TSecr=0 SACK_PERM"
"2","0.000318","10.2.13.112","13.107.42.14","TCP","78","55268  >  443 [SYN] Seq=0 Win=65535 Len=0 MSS=1460 WS=64 TSval=154951336 TSecr=0 SACK_PERM"
"3","0.000378","10.2.13.112","13.107.42.14","TCP","78","55269  >  443 [SYN] Seq=0 Win=65535 Len=0 MSS=1460 WS=64 TSval=267811086 TSecr=0 SACK_PERM"
"4","0.000429","10.2.13.112","13.107.42.14","TCP","78","55270  >  443 [SYN] Seq=0 Win=65535 Len=0 MSS=1460 WS=64 TSval=148078858 TSecr=0 SACK_PERM"
"5","0.000479","10.2.13.112","13.107.42.14","TCP","78","55271  >  443 [SYN] Seq=0 Win=65535 Len=0 MSS=1460 WS=64 TSval=2839054291 TSecr=0 SACK_PERM"
"6","0.011440","13.107.42.14","10.2.13.112","TCP","66","443  >  55267 [SYN, ACK] Seq=0 Ack=1 Win=65535 Len=0 MSS=1440 WS=256 SACK_PERM"
"7","0.011441","13.107.42.14","10.2.13.112","TCP","66","443  >  55271 [SYN, ACK] Seq=0 Ack=1 Win=65535 Len=0 MSS=1440 WS=256 SACK_PERM"
"8","0.011442","13.107.42.14","10.2.13.112","TCP","66","443  >  55268 [SYN, ACK] Seq=0 Ack=1 Win=65535 Len=0 MSS=1440 WS=256 SACK_PERM"
"9","0.011442","13.107.42.14","10.2.13.112","TCP","66","443  >  55270 [SYN, ACK] Seq=0 Ack=1 Win=65535 Len=0 MSS=1440 WS=256 SACK_PERM"
"10","0.011516","10.2.13.112","13.107.42.14","TCP","54","55267  >  443 [ACK] Seq=1 Ack=1 Win=262144 Len=0"
"11","0.011543","10.2.13.112","13.107.42.14","TCP","54","55271  >  443 [ACK] Seq=1 Ack=1 Win=262144 Len=0"
"12","0.011561","10.2.13.112","13.107.42.14","TCP","54","55268  >  443 [ACK] Seq=1 Ack=1 Win=262144 Len=0"
"13","0.011576","10.2.13.112","13.107.42.14","TCP","54","55270  >  443 [ACK] Seq=1 Ack=1 Win=262144 Len=0"
"14","0.011795","13.107.42.14","10.2.13.112","TCP","66","443  >  55269 [SYN, ACK] Seq=0 Ack=1 Win=65535 Len=0 MSS=1440 WS=256 SACK_PERM"
"15","0.011823","10.2.13.112","13.107.42.14","TCP","54","55269  >  443 [ACK] Seq=1 Ack=1 Win=262144 Len=0"
"16","0.011860","10.2.13.112","13.107.42.14","TCP","1494","55267  >  443 [ACK] Seq=1 Ack=1 Win=262144 Len=1440 [TCP segment of a reassembled PDU]"
"17","0.011868","10.2.13.112","13.107.42.14","TLSv1.2","375","Client Hello (SNI=px.ads.linkedin.com)"
"18","0.012202","10.2.13.112","13.107.42.14","TCP","1494","55271  >  443 [ACK] Seq=1 Ack=1 Win=262144 Len=1440 [TCP segment of a reassembled PDU]"
"19","0.012211","10.2.13.112","13.107.42.14","TLSv1.2","407","Client Hello (SNI=px.ads.linkedin.com)"
"20","0.012616","10.2.13.112","13.107.42.14","TCP","1494","55268  >  443 [ACK] Seq=1 Ack=1 Win=262144 Len=1440 [TCP segment of a reassembled PDU]"
"21","0.012625","10.2.13.112","13.107.42.14","TLSv1.2","375","Client Hello (SNI=px.ads.linkedin.com)"
"22","0.012835","10.2.13.112","13.107.42.14","TCP","1494","55270  >  443 [ACK] Seq=1 Ack=1 Win=262144 Len=1440 [TCP segment of a reassembled PDU]"
"23","0.012842","10.2.13.112","13.107.42.14","TLSv1.2","407","Client Hello (SNI=px.ads.linkedin.com)"
"24","0.013033","10.2.13.112","13.107.42.14","TCP","1494","55269  >  443 [ACK] Seq=1 Ack=1 Win=262144 Len=1440 [TCP segment of a reassembled PDU]"
"25","0.013038","10.2.13.112","13.107.42.14","TLSv1.2","407","Client Hello (SNI=px.ads.linkedin.com)"
"26","0.026296","13.107.42.14","10.2.13.112","TCP","56","443  >  55268 [ACK] Seq=1 Ack=1441 Win=4193024 Len=0"
"27","0.026297","13.107.42.14","10.2.13.112","TCP","56","443  >  55271 [ACK] Seq=1 Ack=1441 Win=4193024 Len=0"
"28","0.026297","13.107.42.14","10.2.13.112","TCP","56","443  >  55268 [ACK] Seq=1 Ack=1762 Win=4194560 Len=0"
"29","0.026297","13.107.42.14","10.2.13.112","TCP","56","443  >  55271 [ACK] Seq=1 Ack=1794 Win=4194560 Len=0"
"30","0.026298","13.107.42.14","10.2.13.112","TCP","56","443  >  55267 [ACK] Seq=1 Ack=1441 Win=4193024 Len=0"
"31","0.026298","13.107.42.14","10.2.13.112","TCP","56","443  >  55267 [ACK] Seq=1 Ack=1762 Win=4194560 Len=0"
"32","0.026298","13.107.42.14","10.2.13.112","TCP","56","443  >  55269 [ACK] Seq=1 Ack=1441 Win=4193024 Len=0"
"33","0.026299","13.107.42.14","10.2.13.112","TCP","56","443  >  55270 [ACK] Seq=1 Ack=1794 Win=4194560 Len=0"
"34","0.026299","13.107.42.14","10.2.13.112","TCP","56","443  >  55269 [ACK] Seq=1 Ack=1794 Win=4194560 Len=0"
"35","0.026300","13.107.42.14","10.2.13.112","TCP","1514","443  >  55268 [ACK] Seq=1 Ack=1762 Win=4194560 Len=1460 [TCP segment of a reassembled PDU]"
"36","0.026300","13.107.42.14","10.2.13.112","TCP","1514","443  >  55271 [ACK] Seq=1 Ack=1794 Win=4194560 Len=1460 [TCP segment of a reassembled PDU]"
"37","0.026301","13.107.42.14","10.2.13.112","TCP","1514","443  >  55268 [ACK] Seq=1461 Ack=1762 Win=4194560 Len=1460 [TCP segment of a reassembled PDU]"
"38","0.026302","13.107.42.14","10.2.13.112","TCP","1514","443  >  55271 [ACK] Seq=1461 Ack=1794 Win=4194560 Len=1460 [TCP segment of a reassembled PDU]"
"39","0.026302","13.107.42.14","10.2.13.112","TCP","1514","443  >  55268 [ACK] Seq=2921 Ack=1762 Win=4194560 Len=1460 [TCP segment of a reassembled PDU]"
"40","0.026303","13.107.42.14","10.2.13.112","TCP","1514","443  >  55271 [ACK] Seq=2921 Ack=1794 Win=4194560 Len=1460 [TCP segment of a reassembled PDU]"
"41","0.026304","13.107.42.14","10.2.13.112","TLSv1.2","265","Server Hello, Certificate, Certificate Status, Server Key Exchange, Server Hello Done"
"42","0.026304","13.107.42.14","10.2.13.112","TCP","1514","443  >  55267 [ACK] Seq=1 Ack=1762 Win=4194560 Len=1460 [TCP segment of a reassembled PDU]"
"43","0.026305","13.107.42.14","10.2.13.112","TLSv1.2","265","Server Hello, Certificate, Certificate Status, Server Key Exchange, Server Hello Done"
"44","0.026305","13.107.42.14","10.2.13.112","TCP","1514","443  >  55267 [ACK] Seq=1461 Ack=1762 Win=4194560 Len=1460 [TCP segment of a reassembled PDU]"
"45","0.026306","13.107.42.14","10.2.13.112","TCP","1514","443  >  55267 [ACK] Seq=2921 Ack=1762 Win=4194560 Len=1460 [TCP segment of a reassembled PDU]"
"46","0.026307","13.107.42.14","10.2.13.112","TLSv1.2","265","Server Hello, Certificate, Certificate Status, Server Key Exchange, Server Hello Done"
"47","0.026307","13.107.42.14","10.2.13.112","TCP","1514","443  >  55269 [ACK] Seq=1 Ack=1794 Win=4194560 Len=1460 [TCP segment of a reassembled PDU]"
"48","0.026308","13.107.42.14","10.2.13.112","TCP","1514","443  >  55270 [ACK] Seq=1 Ack=1794 Win=4194560 Len=1460 [TCP segment of a reassembled PDU]"
"49","0.026309","13.107.42.14","10.2.13.112","TCP","1514","443  >  55269 [ACK] Seq=1461 Ack=1794 Win=4194560 Len=1460 [TCP segment of a reassembled PDU]"
"50","0.026309","13.107.42.14","10.2.13.112","TCP","1514","443  >  55270 [ACK] Seq=1461 Ack=1794 Win=4194560 Len=1460 [TCP segment of a reassembled PDU]"
"51","0.026310","13.107.42.14","10.2.13.112","TCP","1514","443  >  55269 [ACK] Seq=2921 Ack=1794 Win=4194560 Len=1460 [TCP segment of a reassembled PDU]"
"52","0.026311","13.107.42.14","10.2.13.112","TCP","1514","443  >  55270 [ACK] Seq=2921 Ack=1794 Win=4194560 Len=1460 [TCP segment of a reassembled PDU]"
"53","0.026312","13.107.42.14","10.2.13.112","TLSv1.2","265","Server Hello, Certificate, Certificate Status, Server Key Exchange, Server Hello Done"
"54","0.026312","13.107.42.14","10.2.13.112","TLSv1.2","265","Server Hello, Certificate, Certificate Status, Server Key Exchange, Server Hello Done"
"55","0.026425","10.2.13.112","13.107.42.14","TCP","54","55268  >  443 [ACK] Seq=1762 Ack=4592 Win=257536 Len=0"
"56","0.026469","10.2.13.112","13.107.42.14","TCP","54","55271  >  443 [ACK] Seq=1794 Ack=4592 Win=257536 Len=0"
"57","0.026487","10.2.13.112","13.107.42.14","TCP","54","55267  >  443 [ACK] Seq=1762 Ack=4592 Win=257536 Len=0"
"58","0.026507","10.2.13.112","13.107.42.14","TCP","54","[TCP Window Update] 55268  >  443 [ACK] Seq=1762 Ack=4592 Win=262144 Len=0"
"59","0.026543","10.2.13.112","13.107.42.14","TCP","54","55269  >  443 [ACK] Seq=1794 Ack=4592 Win=257536 Len=0"
"60","0.026545","10.2.13.112","13.107.42.14","TCP","54","55270  >  443 [ACK] Seq=1794 Ack=4592 Win=257536 Len=0"
"61","0.026760","10.2.13.112","13.107.42.14","TCP","54","[TCP Window Update] 55271  >  443 [ACK] Seq=1794 Ack=4592 Win=262144 Len=0"
"62","0.026820","10.2.13.112","13.107.42.14","TCP","54","[TCP Window Update] 55267  >  443 [ACK] Seq=1762 Ack=4592 Win=262144 Len=0"
"63","0.026909","10.2.13.112","13.107.42.14","TCP","54","[TCP Window Update] 55269  >  443 [ACK] Seq=1794 Ack=4592 Win=262144 Len=0"
"64","0.027071","10.2.13.112","13.107.42.14","TCP","54","[TCP Window Update] 55270  >  443 [ACK] Seq=1794 Ack=4592 Win=262144 Len=0"
"65","0.029584","10.2.13.112","13.107.42.14","TLSv1.2","212","Client Key Exchange, Change Cipher Spec, Encrypted Handshake Message"
"66","0.031082","10.2.13.112","13.107.42.14","TLSv1.2","212","Client Key Exchange, Change Cipher Spec, Encrypted Handshake Message"
"67","0.032449","10.2.13.112","13.107.42.14","TLSv1.2","212","Client Key Exchange, Change Cipher Spec, Encrypted Handshake Message"
"68","0.033629","10.2.13.112","13.107.42.14","TLSv1.2","212","Client Key Exchange, Change Cipher Spec, Encrypted Handshake Message"
"69","0.034815","10.2.13.112","13.107.42.14","TLSv1.2","212","Client Key Exchange, Change Cipher Spec, Encrypted Handshake Message"
"70","0.034856","10.2.13.112","13.107.42.14","TCP","54","55269  >  443 [FIN, ACK] Seq=1952 Ack=4592 Win=262144 Len=0"
"71","0.034904","10.2.13.112","13.107.42.14","TLSv1.2","153","Application Data"
"72","0.035801","10.2.13.112","13.107.42.14","TCP","54","55271  >  443 [FIN, ACK] Seq=1952 Ack=4592 Win=262144 Len=0"
"73","0.035822","10.2.13.112","13.107.42.14","TCP","54","55270  >  443 [FIN, ACK] Seq=1952 Ack=4592 Win=262144 Len=0"
"74","0.035839","10.2.13.112","13.107.42.14","TCP","54","55268  >  443 [FIN, ACK] Seq=1920 Ack=4592 Win=262144 Len=0"
"75","0.037079","10.2.13.112","13.107.42.14","TCP","1494","55267  >  443 [ACK] Seq=2019 Ack=4592 Win=262144 Len=1440 [TCP segment of a reassembled PDU]"
"76","0.037086","10.2.13.112","13.107.42.14","TLSv1.2","328","Application Data"
"77","0.037105","10.2.13.112","13.107.42.14","TLSv1.2","161","Application Data"
"78","0.037119","10.2.13.112","13.107.42.14","TLSv1.2","159","Application Data"
"79","0.037133","10.2.13.112","13.107.42.14","TLSv1.2","160","Application Data"
"80","0.037146","10.2.13.112","13.107.42.14","TLSv1.2","162","Application Data"
"81","0.039986","13.107.42.14","10.2.13.112","TCP","56","443  >  55267 [ACK] Seq=4592 Ack=1920 Win=4194304 Len=0"
"82","0.042482","13.107.42.14","10.2.13.112","TCP","56","443  >  55269 [ACK] Seq=4592 Ack=1952 Win=4194304 Len=0"
"83","0.042483","13.107.42.14","10.2.13.112","TLSv1.2","396","New Session Ticket, Change Cipher Spec, Encrypted Handshake Message"
"84","0.042483","13.107.42.14","10.2.13.112","TLSv1.2","123","Application Data"
"85","0.042484","13.107.42.14","10.2.13.112","TLSv1.2","396","New Session Ticket, Change Cipher Spec, Encrypted Handshake Message"
"86","0.042484","13.107.42.14","10.2.13.112","TLSv1.2","123","Application Data"
"87","0.042553","10.2.13.112","13.107.42.14","TCP","54","55269  >  443 [RST] Seq=1952 Win=0 Len=0"
"88","0.042579","10.2.13.112","13.107.42.14","TCP","54","55267  >  443 [ACK] Seq=4159 Ack=5003 Win=261696 Len=0"
"89","0.042674","10.2.13.112","13.107.42.14","TLSv1.2","92","Application Data"
"90","0.043901","13.107.42.14","10.2.13.112","TCP","56","443  >  55268 [ACK] Seq=4592 Ack=1920 Win=4194304 Len=0"
"91","0.045123","13.107.42.14","10.2.13.112","TCP","56","443  >  55271 [ACK] Seq=4592 Ack=1952 Win=4194304 Len=0"
"92","0.046841","13.107.42.14","10.2.13.112","TLSv1.2","396","New Session Ticket, Change Cipher Spec, Encrypted Handshake Message"
"93","0.046842","13.107.42.14","10.2.13.112","TLSv1.2","123","Application Data"
"94","0.046925","10.2.13.112","13.107.42.14","TCP","54","55268  >  443 [RST] Seq=1920 Win=0 Len=0"
"95","0.048370","13.107.42.14","10.2.13.112","TCP","56","443  >  55269 [ACK] Seq=5003 Ack=1953 Win=4194304 Len=0"
"96","0.048372","13.107.42.14","10.2.13.112","TLSv1.2","396","New Session Ticket, Change Cipher Spec, Encrypted Handshake Message"
"97","0.048373","13.107.42.14","10.2.13.112","TCP","56","443  >  55269 [RST, ACK] Seq=5003 Ack=1953 Win=0 Len=0"
"98","0.048373","13.107.42.14","10.2.13.112","TLSv1.2","123","Application Data"
"99","0.048374","13.107.42.14","10.2.13.112","TCP","56","443  >  55267 [ACK] Seq=5003 Ack=2019 Win=4194304 Len=0"
"100","0.048375","13.107.42.14","10.2.13.112","TCP","56","443  >  55270 [ACK] Seq=4592 Ack=1952 Win=4194304 Len=0"
"101","0.048375","13.107.42.14","10.2.13.112","TCP","56","443  >  55268 [ACK] Seq=5003 Ack=1921 Win=4194304 Len=0"
"102","0.048376","13.107.42.14","10.2.13.112","TCP","56","443  >  55271 [ACK] Seq=5003 Ack=1953 Win=4194304 Len=0"
"103","0.048376","13.107.42.14","10.2.13.112","TCP","56","443  >  55268 [RST, ACK] Seq=5003 Ack=1921 Win=0 Len=0"
"104","0.048377","13.107.42.14","10.2.13.112","TCP","56","443  >  55271 [RST, ACK] Seq=5003 Ack=1953 Win=0 Len=0"
"105","0.048377","13.107.42.14","10.2.13.112","TCP","56","443  >  55270 [ACK] Seq=4592 Ack=1953 Win=4194304 Len=0"
"106","0.048379","13.107.42.14","10.2.13.112","TLSv1.2","396","New Session Ticket, Change Cipher Spec, Encrypted Handshake Message"
"107","0.048380","13.107.42.14","10.2.13.112","TLSv1.2","123","Application Data"
"108","0.048381","13.107.42.14","10.2.13.112","TCP","56","443  >  55270 [RST, ACK] Seq=5003 Ack=1953 Win=0 Len=0"
"109","0.048381","13.107.42.14","10.2.13.112","TLSv1.2","92","Application Data"
"110","0.048383","13.107.42.14","10.2.13.112","TCP","56","443  >  55267 [ACK] Seq=5041 Ack=4159 Win=4193792 Len=0"
"111","0.048499","10.2.13.112","13.107.42.14","TCP","54","55271  >  443 [RST] Seq=1952 Win=0 Len=0"
"112","0.048527","10.2.13.112","13.107.42.14","TCP","54","55271  >  443 [RST] Seq=1953 Win=0 Len=0"
"113","0.048564","10.2.13.112","13.107.42.14","TCP","54","55267  >  443 [ACK] Seq=4197 Ack=5041 Win=262080 Len=0"
"114","0.048650","10.2.13.112","13.107.42.14","TCP","54","55270  >  443 [RST] Seq=1953 Win=0 Len=0"
"115","0.048669","10.2.13.112","13.107.42.14","TCP","54","55269  >  443 [RST] Seq=1953 Win=0 Len=0"
"116","0.048732","10.2.13.112","13.107.42.14","TCP","54","55268  >  443 [RST] Seq=1921 Win=0 Len=0"
"117","0.054047","13.107.42.14","10.2.13.112","TCP","56","443  >  55267 [ACK] Seq=5041 Ack=4197 Win=4193792 Len=0"
"118","0.055820","10.2.13.112","13.107.42.14","TLSv1.2","206","Application Data"
"119","0.060647","10.2.13.112","13.107.42.14","TLSv1.2","167","Application Data"
"120","0.067544","13.107.42.14","10.2.13.112","TCP","56","443  >  55267 [ACK] Seq=5041 Ack=4349 Win=4193536 Len=0"
"121","0.071707","13.107.42.14","10.2.13.112","TCP","56","443  >  55267 [ACK] Seq=5041 Ack=4462 Win=4193536 Len=0"
"122","0.086106","10.2.13.112","13.107.42.14","TLSv1.2","175","Application Data"
"123","0.098784","13.107.42.14","10.2.13.112","TCP","56","443  >  55267 [ACK] Seq=5041 Ack=4583 Win=4193280 Len=0"
"124","0.139848","13.107.42.14","10.2.13.112","TLSv1.2","650","Application Data"
"125","0.139931","10.2.13.112","13.107.42.14","TCP","54","55267  >  443 [ACK] Seq=4583 Ack=5637 Win=261504 Len=0"
"126","0.196995","13.107.42.14","10.2.13.112","TLSv1.2","227","Application Data"
"127","0.197039","10.2.13.112","13.107.42.14","TCP","54","55267  >  443 [ACK] Seq=4583 Ack=5810 Win=261952 Len=0"
"128","0.234273","13.107.42.14","10.2.13.112","TLSv1.2","228","Application Data"
"129","0.234342","10.2.13.112","13.107.42.14","TCP","54","55267  >  443 [ACK] Seq=4583 Ack=5984 Win=261952 Len=0"
"130","0.263283","10.2.13.112","13.107.42.14","TLSv1.2","247","Application Data"
"131","0.275083","13.107.42.14","10.2.13.112","TCP","56","443  >  55267 [ACK] Seq=5984 Ack=4776 Win=4193024 Len=0"
"132","0.359877","13.107.42.14","10.2.13.112","TLSv1.2","227","Application Data"
"133","0.359944","10.2.13.112","13.107.42.14","TCP","54","55267  >  443 [ACK] Seq=4776 Ack=6157 Win=261952 Len=0"
"134","0.379064","13.107.42.14","10.2.13.112","TLSv1.2","545","Application Data"
"135","0.379066","13.107.42.14","10.2.13.112","TLSv1.2","92","Application Data"
"136","0.379152","10.2.13.112","13.107.42.14","TCP","54","55267  >  443 [ACK] Seq=4776 Ack=6686 Win=261568 Len=0"
"137","0.392800","13.107.42.14","10.2.13.112","TLSv1.2","286","Application Data"
"138","0.392898","10.2.13.112","13.107.42.14","TCP","54","55267  >  443 [ACK] Seq=4776 Ack=6918 Win=261888 Len=0"
"139","0.403700","13.107.42.14","10.2.13.112","TLSv1.2","285","Application Data"
"140","0.403750","10.2.13.112","13.107.42.14","TCP","54","55267  >  443 [ACK] Seq=4776 Ack=7149 Win=261888 Len=0"
"141","0.415322","13.107.42.14","10.2.13.112","TLSv1.2","374","Application Data"
"142","0.415372","10.2.13.112","13.107.42.14","TCP","54","55267  >  443 [ACK] Seq=4776 Ack=7469 Win=261824 Len=0"
"143","0.427450","13.107.42.14","10.2.13.112","TLSv1.2","283","Application Data"
"144","0.427524","10.2.13.112","13.107.42.14","TCP","54","55267  >  443 [ACK] Seq=4776 Ack=7698 Win=261888 Len=0"
"145","0.466037","10.2.13.112","13.107.42.14","TLSv1.2","156","Application Data"
"146","0.478062","13.107.42.14","10.2.13.112","TCP","56","443  >  55267 [ACK] Seq=7698 Ack=4878 Win=4193024 Len=0"
"147","0.566578","13.107.42.14","10.2.13.112","TLSv1.2","227","Application Data"
"148","0.566663","10.2.13.112","13.107.42.14","TCP","54","55267  >  443 [ACK] Seq=4878 Ack=7871 Win=261952 Len=0"
"149","2.628143","10.2.13.112","13.107.42.14","TCP","54","55267  >  443 [FIN, ACK] Seq=4878 Ack=7871 Win=262144 Len=0"
"150","2.641432","13.107.42.14","10.2.13.112","TCP","56","443  >  55267 [ACK] Seq=7871 Ack=4879 Win=4193024 Len=0"
"151","2.641435","13.107.42.14","10.2.13.112","TCP","56","443  >  55267 [FIN, ACK] Seq=7871 Ack=4879 Win=4193024 Len=0"
"152","2.641566","10.2.13.112","13.107.42.14","TCP","54","55267  >  443 [ACK] Seq=4879 Ack=7872 Win=262144 Len=0"
"153","10.521722","10.2.13.112","13.107.42.14","TCP","78","55309  >  443 [SYN] Seq=0 Win=65535 Len=0 MSS=1460 WS=64 TSval=2756039786 TSecr=0 SACK_PERM"
"154","10.521854","10.2.13.112","13.107.42.14","TCP","78","55310  >  443 [SYN] Seq=0 Win=65535 Len=0 MSS=1460 WS=64 TSval=2372903385 TSecr=0 SACK_PERM"
"155","10.532226","13.107.42.14","10.2.13.112","TCP","66","443  >  55310 [SYN, ACK] Seq=0 Ack=1 Win=65535 Len=0 MSS=1440 WS=256 SACK_PERM"
"156","10.532227","13.107.42.14","10.2.13.112","TCP","66","443  >  55309 [SYN, ACK] Seq=0 Ack=1 Win=65535 Len=0 MSS=1440 WS=256 SACK_PERM"
"157","10.532293","10.2.13.112","13.107.42.14","TCP","54","55310  >  443 [ACK] Seq=1 Ack=1 Win=262144 Len=0"
"158","10.532315","10.2.13.112","13.107.42.14","TCP","54","55309  >  443 [ACK] Seq=1 Ack=1 Win=262144 Len=0"
"159","10.532523","10.2.13.112","13.107.42.14","TCP","1494","55310  >  443 [ACK] Seq=1 Ack=1 Win=262144 Len=1440 [TCP segment of a reassembled PDU]"
"160","10.532531","10.2.13.112","13.107.42.14","TLSv1.2","651","Client Hello (SNI=px.ads.linkedin.com)"
"161","10.532748","10.2.13.112","13.107.42.14","TCP","1494","55309  >  443 [ACK] Seq=1 Ack=1 Win=262144 Len=1440 [TCP segment of a reassembled PDU]"
"162","10.532752","10.2.13.112","13.107.42.14","TLSv1.2","407","Client Hello (SNI=px.ads.linkedin.com)"
"163","10.545565","13.107.42.14","10.2.13.112","TCP","56","443  >  55310 [ACK] Seq=1 Ack=1441 Win=4193024 Len=0"
"164","10.545566","13.107.42.14","10.2.13.112","TCP","56","443  >  55310 [ACK] Seq=1 Ack=2038 Win=4194560 Len=0"
"165","10.545566","13.107.42.14","10.2.13.112","TCP","56","443  >  55309 [ACK] Seq=1 Ack=1441 Win=4193024 Len=0"
"166","10.545566","13.107.42.14","10.2.13.112","TCP","56","443  >  55309 [ACK] Seq=1 Ack=1794 Win=4194560 Len=0"
"167","10.545567","13.107.42.14","10.2.13.112","TLSv1.2","204","Server Hello, Change Cipher Spec, Encrypted Handshake Message"
"168","10.545611","10.2.13.112","13.107.42.14","TCP","54","55310  >  443 [ACK] Seq=2038 Ack=151 Win=261952 Len=0"
"169","10.545760","10.2.13.112","13.107.42.14","TLSv1.2","105","Change Cipher Spec, Encrypted Handshake Message"
"170","10.545833","10.2.13.112","13.107.42.14","TLSv1.2","153","Application Data"
"171","10.545929","10.2.13.112","13.107.42.14","TCP","1494","55310  >  443 [ACK] Seq=2188 Ack=151 Win=262144 Len=1440 [TCP segment of a reassembled PDU]"
"172","10.545934","10.2.13.112","13.107.42.14","TLSv1.2","742","Application Data"
"173","10.547395","13.107.42.14","10.2.13.112","TCP","1514","443  >  55309 [ACK] Seq=1 Ack=1794 Win=4194560 Len=1460 [TCP segment of a reassembled PDU]"
"174","10.547396","13.107.42.14","10.2.13.112","TCP","1514","443  >  55309 [ACK] Seq=1461 Ack=1794 Win=4194560 Len=1460 [TCP segment of a reassembled PDU]"
"175","10.547396","13.107.42.14","10.2.13.112","TCP","1514","443  >  55309 [ACK] Seq=2921 Ack=1794 Win=4194560 Len=1460 [TCP segment of a reassembled PDU]"
"176","10.547397","13.107.42.14","10.2.13.112","TLSv1.2","265","Server Hello, Certificate, Certificate Status, Server Key Exchange, Server Hello Done"
"177","10.547429","10.2.13.112","13.107.42.14","TCP","54","55309  >  443 [ACK] Seq=1794 Ack=4592 Win=257536 Len=0"
"178","10.547485","10.2.13.112","13.107.42.14","TCP","54","[TCP Window Update] 55309  >  443 [ACK] Seq=1794 Ack=4592 Win=262144 Len=0"
"179","10.548776","10.2.13.112","13.107.42.14","TLSv1.2","212","Client Key Exchange, Change Cipher Spec, Encrypted Handshake Message"
"180","10.548857","10.2.13.112","13.107.42.14","TLSv1.2","153","Application Data"
"181","10.548935","10.2.13.112","13.107.42.14","TLSv1.2","533","Application Data"
"182","10.555889","13.107.42.14","10.2.13.112","TCP","56","443  >  55310 [ACK] Seq=151 Ack=2089 Win=4194304 Len=0"
"183","10.555890","13.107.42.14","10.2.13.112","TLSv1.2","123","Application Data"
"184","10.555967","10.2.13.112","13.107.42.14","TCP","54","55310  >  443 [ACK] Seq=4316 Ack=220 Win=262016 Len=0"
"185","10.556038","10.2.13.112","13.107.42.14","TLSv1.2","92","Application Data"
"186","10.557125","13.107.42.14","10.2.13.112","TCP","56","443  >  55310 [ACK] Seq=220 Ack=2188 Win=4194304 Len=0"
"187","10.557126","13.107.42.14","10.2.13.112","TLSv1.2","92","Application Data"
"188","10.557126","13.107.42.14","10.2.13.112","TCP","56","443  >  55310 [ACK] Seq=258 Ack=4316 Win=4193792 Len=0"
"189","10.557212","10.2.13.112","13.107.42.14","TCP","54","55310  >  443 [ACK] Seq=4354 Ack=258 Win=262080 Len=0"
"190","10.559028","13.107.42.14","10.2.13.112","TCP","56","443  >  55309 [ACK] Seq=4592 Ack=1952 Win=4194304 Len=0"
"191","10.559028","13.107.42.14","10.2.13.112","TCP","56","443  >  55309 [ACK] Seq=4592 Ack=2051 Win=4194304 Len=0"
"192","10.559029","13.107.42.14","10.2.13.112","TCP","56","443  >  55309 [ACK] Seq=4592 Ack=2530 Win=4193792 Len=0"
"193","10.560224","13.107.42.14","10.2.13.112","TLSv1.2","396","New Session Ticket, Change Cipher Spec, Encrypted Handshake Message"
"194","10.560229","13.107.42.14","10.2.13.112","TLSv1.2","123","Application Data"
"195","10.560310","10.2.13.112","13.107.42.14","TCP","54","55309  >  443 [ACK] Seq=2530 Ack=5003 Win=261696 Len=0"
"196","10.560417","10.2.13.112","13.107.42.14","TLSv1.2","92","Application Data"
"197","10.566681","13.107.42.14","10.2.13.112","TCP","56","443  >  55310 [ACK] Seq=258 Ack=4354 Win=4193792 Len=0"
"198","10.572014","13.107.42.14","10.2.13.112","TLSv1.2","92","Application Data"
"199","10.572129","10.2.13.112","13.107.42.14","TCP","54","55309  >  443 [ACK] Seq=2568 Ack=5041 Win=262080 Len=0"
"200","10.633825","13.107.42.14","10.2.13.112","TLSv1.2","1036","Application Data"
"201","10.633827","13.107.42.14","10.2.13.112","TLSv1.2","102","Application Data"
"202","10.633828","13.107.42.14","10.2.13.112","TLSv1.2","92","Application Data"
"203","10.633965","10.2.13.112","13.107.42.14","TCP","54","55309  >  443 [ACK] Seq=2568 Ack=6109 Win=261056 Len=0"
"204","10.658055","13.107.42.14","10.2.13.112","TLSv1.2","732","Application Data"
"205","10.658149","10.2.13.112","13.107.42.14","TCP","54","55310  >  443 [ACK] Seq=4354 Ack=936 Win=261440 Len=0"
"206","10.665219","10.2.13.112","13.107.42.14","TLSv1.2","294","Application Data"
"207","10.665258","10.2.13.112","13.107.42.14","TLSv1.2","433","Application Data"
"208","10.676796","13.107.42.14","10.2.13.112","TCP","56","443  >  55310 [ACK] Seq=936 Ack=4973 Win=4193024 Len=0"
"209","10.780888","13.107.42.14","10.2.13.112","TLSv1.2","280","Application Data"
"210","10.780990","10.2.13.112","13.107.42.14","TCP","54","55310  >  443 [ACK] Seq=4973 Ack=1162 Win=261888 Len=0"
"211","11.529958","10.2.13.112","13.107.42.14","TLSv1.2","436","Application Data"
"212","11.530009","10.2.13.112","13.107.42.14","TLSv1.2","1352","Application Data"
"213","11.539901","13.107.42.14","10.2.13.112","TCP","56","443  >  55310 [ACK] Seq=1162 Ack=5355 Win=4194560 Len=0"
"214","11.541069","13.107.42.14","10.2.13.112","TCP","56","443  >  55310 [ACK] Seq=1162 Ack=6653 Win=4193280 Len=0"
"215","11.639409","13.107.42.14","10.2.13.112","TLSv1.2","387","Application Data"
"216","11.639482","10.2.13.112","13.107.42.14","TCP","54","55310  >  443 [ACK] Seq=6653 Ack=1495 Win=261760 Len=0"
"217","11.865075","10.2.13.112","13.107.42.14","TLSv1.2","1223","Application Data"
"218","11.865244","10.2.13.112","13.107.42.14","TLSv1.2","433","Application Data"
"219","11.878191","13.107.42.14","10.2.13.112","TCP","56","443  >  55310 [ACK] Seq=1495 Ack=7822 Win=4194560 Len=0"
"220","11.878192","13.107.42.14","10.2.13.112","TCP","56","443  >  55310 [ACK] Seq=1495 Ack=8201 Win=4194048 Len=0"
"221","11.986421","13.107.42.14","10.2.13.112","TLSv1.2","230","Application Data"
"222","11.986475","10.2.13.112","13.107.42.14","TCP","54","55310  >  443 [ACK] Seq=8201 Ack=1671 Win=261952 Len=0"
"223","12.628930","10.2.13.112","13.107.42.14","TCP","54","55310  >  443 [FIN, ACK] Seq=8201 Ack=1671 Win=262144 Len=0"
"224","12.629053","10.2.13.112","13.107.42.14","TCP","54","55309  >  443 [FIN, ACK] Seq=2568 Ack=6109 Win=262144 Len=0"
"225","12.859324","10.2.13.112","13.107.42.14","TCP","54","[TCP Retransmission] 55310  >  443 [FIN, ACK] Seq=8201 Ack=1671 Win=262144 Len=0"
"226","12.859337","10.2.13.112","13.107.42.14","TCP","54","[TCP Retransmission] 55309  >  443 [FIN, ACK] Seq=2568 Ack=6109 Win=262144 Len=0"
"227","12.860703","13.107.42.14","10.2.13.112","TCP","56","443  >  55310 [ACK] Seq=1671 Ack=8202 Win=4194048 Len=0"
"228","12.860704","13.107.42.14","10.2.13.112","TCP","56","443  >  55310 [FIN, ACK] Seq=1671 Ack=8202 Win=4194048 Len=0"
"229","12.860704","13.107.42.14","10.2.13.112","TCP","56","443  >  55309 [ACK] Seq=6109 Ack=2569 Win=4193792 Len=0"
"230","12.860704","13.107.42.14","10.2.13.112","TCP","56","443  >  55309 [FIN, ACK] Seq=6109 Ack=2569 Win=4193792 Len=0"
"231","12.860843","10.2.13.112","13.107.42.14","TCP","54","55310  >  443 [ACK] Seq=8202 Ack=1672 Win=262144 Len=0"
"232","12.860866","10.2.13.112","13.107.42.14","TCP","54","55309  >  443 [ACK] Seq=2569 Ack=6110 Win=262144 Len=0"
"233","12.870548","13.107.42.14","10.2.13.112","TCP","56","[TCP Dup ACK 227#1] 443  >  55310 [ACK] Seq=1672 Ack=8202 Win=4194048 Len=0"
"234","12.870552","13.107.42.14","10.2.13.112","TCP","56","[TCP Dup ACK 229#1] 443  >  55309 [ACK] Seq=6110 Ack=2569 Win=4193792 Len=0"
"235","22.092071","10.2.13.112","13.107.42.14","TCP","78","55324  >  443 [SYN] Seq=0 Win=65535 Len=0 MSS=1460 WS=64 TSval=746509846 TSecr=0 SACK_PERM"
"236","22.111630","13.107.42.14","10.2.13.112","TCP","66","443  >  55324 [SYN, ACK] Seq=0 Ack=1 Win=65535 Len=0 MSS=1440 WS=256 SACK_PERM"
"237","22.111801","10.2.13.112","13.107.42.14","TCP","54","55324  >  443 [ACK] Seq=1 Ack=1 Win=262144 Len=0"
"238","22.112188","10.2.13.112","13.107.42.14","TCP","1494","55324  >  443 [ACK] Seq=1 Ack=1 Win=262144 Len=1440 [TCP segment of a reassembled PDU]"
"239","22.112208","10.2.13.112","13.107.42.14","TLSv1.2","651","Client Hello (SNI=px.ads.linkedin.com)"
"240","22.124566","13.107.42.14","10.2.13.112","TCP","56","443  >  55324 [ACK] Seq=1 Ack=1441 Win=4193024 Len=0"
"241","22.124568","13.107.42.14","10.2.13.112","TCP","56","443  >  55324 [ACK] Seq=1 Ack=2038 Win=4194560 Len=0"
"242","22.124569","13.107.42.14","10.2.13.112","TLSv1.2","204","Server Hello, Change Cipher Spec, Encrypted Handshake Message"
"243","22.125192","10.2.13.112","13.107.42.14","TCP","54","55324  >  443 [ACK] Seq=2038 Ack=151 Win=261952 Len=0"
"244","22.125194","10.2.13.112","13.107.42.14","TLSv1.2","105","Change Cipher Spec, Encrypted Handshake Message"
"245","22.125197","10.2.13.112","13.107.42.14","TLSv1.2","153","Application Data"
"246","22.125301","10.2.13.112","13.107.42.14","TCP","1494","55324  >  443 [ACK] Seq=2188 Ack=151 Win=262144 Len=1440 [TCP segment of a reassembled PDU]"
"247","22.125317","10.2.13.112","13.107.42.14","TLSv1.2","678","Application Data"
"248","22.125348","10.2.13.112","13.107.42.14","TCP","1494","55324  >  443 [ACK] Seq=4252 Ack=151 Win=262144 Len=1440 [TCP segment of a reassembled PDU]"
"249","22.125349","10.2.13.112","13.107.42.14","TCP","1494","55324  >  443 [ACK] Seq=5692 Ack=151 Win=262144 Len=1440 [TCP segment of a reassembled PDU]"
"250","22.125358","10.2.13.112","13.107.42.14","TLSv1.2","1053","Application Data"
"251","22.136839","13.107.42.14","10.2.13.112","TCP","56","443  >  55324 [ACK] Seq=151 Ack=2089 Win=4194304 Len=0"
"252","22.136841","13.107.42.14","10.2.13.112","TCP","56","443  >  55324 [ACK] Seq=151 Ack=2188 Win=4194304 Len=0"
"253","22.136842","13.107.42.14","10.2.13.112","TLSv1.2","123","Application Data"
"254","22.137036","10.2.13.112","13.107.42.14","TCP","54","55324  >  443 [ACK] Seq=8131 Ack=220 Win=262016 Len=0"
"255","22.137184","10.2.13.112","13.107.42.14","TLSv1.2","92","Application Data"
"256","22.148482","13.107.42.14","10.2.13.112","TLSv1.2","92","Application Data"
"257","22.148483","13.107.42.14","10.2.13.112","TCP","56","443  >  55324 [ACK] Seq=258 Ack=8169 Win=4194304 Len=0"
"258","22.148560","10.2.13.112","13.107.42.14","TCP","54","55324  >  443 [ACK] Seq=8169 Ack=258 Win=262080 Len=0"
"259","22.230193","13.107.42.14","10.2.13.112","TLSv1.2","542","Application Data"
"260","22.230280","10.2.13.112","13.107.42.14","TCP","54","55324  >  443 [ACK] Seq=8169 Ack=746 Win=261632 Len=0"
"261","22.567027","10.2.13.112","13.107.42.14","TLSv1.2","229","Application Data"
"262","22.567071","10.2.13.112","13.107.42.14","TLSv1.2","532","Application Data"
"263","22.567686","10.2.13.112","13.107.42.14","TLSv1.2","141","Application Data"
"264","22.567707","10.2.13.112","13.107.42.14","TLSv1.2","449","Application Data"
"265","22.578083","13.107.42.14","10.2.13.112","TCP","56","443  >  55324 [ACK] Seq=746 Ack=8822 Win=4193792 Len=0"
"266","22.578084","13.107.42.14","10.2.13.112","TCP","56","443  >  55324 [ACK] Seq=746 Ack=8909 Win=4193792 Len=0"
"267","22.578085","13.107.42.14","10.2.13.112","TCP","56","443  >  55324 [ACK] Seq=746 Ack=9304 Win=4193280 Len=0"
"268","22.670422","13.107.42.14","10.2.13.112","TLSv1.2","231","Application Data"
"269","22.670449","10.2.13.112","13.107.42.14","TCP","54","55324  >  443 [ACK] Seq=9304 Ack=923 Win=261952 Len=0"
"270","22.681212","13.107.42.14","10.2.13.112","TLSv1.2","229","Application Data"
"271","22.681386","10.2.13.112","13.107.42.14","TCP","54","55324  >  443 [ACK] Seq=9304 Ack=1098 Win=261952 Len=0"
"272","27.631872","10.2.13.112","13.107.42.14","TCP","54","55324  >  443 [FIN, ACK] Seq=9304 Ack=1098 Win=262144 Len=0"
"273","27.648306","13.107.42.14","10.2.13.112","TCP","56","443  >  55324 [ACK] Seq=1098 Ack=9305 Win=4193280 Len=0"
"274","27.648307","13.107.42.14","10.2.13.112","TCP","56","443  >  55324 [FIN, ACK] Seq=1098 Ack=9305 Win=4193280 Len=0"
"275","27.648445","10.2.13.112","13.107.42.14","TCP","54","55324  >  443 [ACK] Seq=9305 Ack=1099 Win=262144 Len=0"
"276","29.537881","10.2.13.112","13.107.42.14","TCP","78","55332  >  443 [SYN] Seq=0 Win=65535 Len=0 MSS=1460 WS=64 TSval=2974471005 TSecr=0 SACK_PERM"
"277","29.558485","13.107.42.14","10.2.13.112","TCP","66","443  >  55332 [SYN, ACK] Seq=0 Ack=1 Win=65535 Len=0 MSS=1440 WS=256 SACK_PERM"
"278","29.558601","10.2.13.112","13.107.42.14","TCP","54","55332  >  443 [ACK] Seq=1 Ack=1 Win=262144 Len=0"
"279","29.559154","10.2.13.112","13.107.42.14","TCP","1494","55332  >  443 [ACK] Seq=1 Ack=1 Win=262144 Len=1440 [TCP segment of a reassembled PDU]"
"280","29.559177","10.2.13.112","13.107.42.14","TLSv1.2","683","Client Hello (SNI=px.ads.linkedin.com)"
"281","29.571064","13.107.42.14","10.2.13.112","TCP","56","443  >  55332 [ACK] Seq=1 Ack=1441 Win=4193024 Len=0"
"282","29.571066","13.107.42.14","10.2.13.112","TCP","56","443  >  55332 [ACK] Seq=1 Ack=2070 Win=4194560 Len=0"
"283","29.571066","13.107.42.14","10.2.13.112","TLSv1.2","204","Server Hello, Change Cipher Spec, Encrypted Handshake Message"
"284","29.571193","10.2.13.112","13.107.42.14","TCP","54","55332  >  443 [ACK] Seq=2070 Ack=151 Win=261952 Len=0"
"285","29.571535","10.2.13.112","13.107.42.14","TLSv1.2","105","Change Cipher Spec, Encrypted Handshake Message"
"286","29.571779","10.2.13.112","13.107.42.14","TLSv1.2","153","Application Data"
"287","29.572038","10.2.13.112","13.107.42.14","TCP","1494","55332  >  443 [ACK] Seq=2220 Ack=151 Win=262144 Len=1440 [TCP segment of a reassembled PDU]"
"288","29.572050","10.2.13.112","13.107.42.14","TLSv1.2","679","Application Data"
"289","29.572098","10.2.13.112","13.107.42.14","TCP","1494","55332  >  443 [ACK] Seq=4285 Ack=151 Win=262144 Len=1440 [TCP segment of a reassembled PDU]"
"290","29.572100","10.2.13.112","13.107.42.14","TCP","1494","55332  >  443 [ACK] Seq=5725 Ack=151 Win=262144 Len=1440 [TCP segment of a reassembled PDU]"
"291","29.572110","10.2.13.112","13.107.42.14","TLSv1.2","167","Application Data"
"292","29.585072","13.107.42.14","10.2.13.112","TCP","56","443  >  55332 [ACK] Seq=151 Ack=2121 Win=4194304 Len=0"
"293","29.585073","13.107.42.14","10.2.13.112","TCP","56","443  >  55332 [ACK] Seq=151 Ack=2220 Win=4194304 Len=0"
"294","29.585074","13.107.42.14","10.2.13.112","TCP","56","443  >  55332 [ACK] Seq=151 Ack=4285 Win=4194560 Len=0"
"295","29.585074","13.107.42.14","10.2.13.112","TCP","56","443  >  55332 [ACK] Seq=151 Ack=5725 Win=4193024 Len=0"
"296","29.585074","13.107.42.14","10.2.13.112","TCP","56","443  >  55332 [ACK] Seq=151 Ack=7278 Win=4194560 Len=0"
"297","29.585075","13.107.42.14","10.2.13.112","TLSv1.2","123","Application Data"
"298","29.585169","10.2.13.112","13.107.42.14","TCP","54","55332  >  443 [ACK] Seq=7278 Ack=220 Win=262016 Len=0"
"299","29.585317","10.2.13.112","13.107.42.14","TLSv1.2","92","Application Data"
"300","29.596387","13.107.42.14","10.2.13.112","TLSv1.2","92","Application Data"
"301","29.596388","13.107.42.14","10.2.13.112","TCP","56","443  >  55332 [ACK] Seq=258 Ack=7316 Win=4194304 Len=0"
"302","29.596476","10.2.13.112","13.107.42.14","TCP","54","55332  >  443 [ACK] Seq=7316 Ack=258 Win=262080 Len=0"
"303","29.676086","13.107.42.14","10.2.13.112","TLSv1.2","544","Application Data"
"304","29.676176","10.2.13.112","13.107.42.14","TCP","54","55332  >  443 [ACK] Seq=7316 Ack=748 Win=261632 Len=0"
"305","30.267810","10.2.13.112","13.107.42.14","TLSv1.2","230","Application Data"
"306","30.267868","10.2.13.112","13.107.42.14","TLSv1.2","441","Application Data"
"307","30.279082","13.107.42.14","10.2.13.112","TCP","56","443  >  55332 [ACK] Seq=748 Ack=7492 Win=4194304 Len=0"
"308","30.279083","13.107.42.14","10.2.13.112","TCP","56","443  >  55332 [ACK] Seq=748 Ack=7879 Win=4193792 Len=0"
"309","30.373281","13.107.42.14","10.2.13.112","TLSv1.2","228","Application Data"
"310","30.373362","10.2.13.112","13.107.42.14","TCP","54","55332  >  443 [ACK] Seq=7879 Ack=922 Win=261952 Len=0"
"311","32.630562","10.2.13.112","13.107.42.14","TCP","54","55332  >  443 [FIN, ACK] Seq=7879 Ack=922 Win=262144 Len=0"
"312","32.641472","13.107.42.14","10.2.13.112","TCP","56","443  >  55332 [ACK] Seq=922 Ack=7880 Win=4193792 Len=0"
"313","32.641473","13.107.42.14","10.2.13.112","TCP","56","443  >  55332 [FIN, ACK] Seq=922 Ack=7880 Win=4193792 Len=0"
"314","32.641582","10.2.13.112","13.107.42.14","TCP","54","55332  >  443 [ACK] Seq=7880 Ack=923 Win=262144 Len=0"
"315","36.735754","10.2.13.112","13.107.42.14","TCP","78","55340  >  443 [SYN] Seq=0 Win=65535 Len=0 MSS=1460 WS=64 TSval=1142189323 TSecr=0 SACK_PERM"
"316","36.756227","13.107.42.14","10.2.13.112","TCP","66","443  >  55340 [SYN, ACK] Seq=0 Ack=1 Win=65535 Len=0 MSS=1440 WS=256 SACK_PERM"
"317","36.756390","10.2.13.112","13.107.42.14","TCP","54","55340  >  443 [ACK] Seq=1 Ack=1 Win=262144 Len=0"
"318","36.756885","10.2.13.112","13.107.42.14","TCP","1494","55340  >  443 [ACK] Seq=1 Ack=1 Win=262144 Len=1440 [TCP segment of a reassembled PDU]"
"319","36.756938","10.2.13.112","13.107.42.14","TLSv1.2","619","Client Hello (SNI=px.ads.linkedin.com)"
"320","36.769647","13.107.42.14","10.2.13.112","TCP","56","443  >  55340 [ACK] Seq=1 Ack=2006 Win=4194560 Len=0"
"321","36.769648","13.107.42.14","10.2.13.112","TLSv1.2","204","Server Hello, Change Cipher Spec, Encrypted Handshake Message"
"322","36.769789","10.2.13.112","13.107.42.14","TCP","54","55340  >  443 [ACK] Seq=2006 Ack=151 Win=261952 Len=0"
"323","36.770026","10.2.13.112","13.107.42.14","TLSv1.2","105","Change Cipher Spec, Encrypted Handshake Message"
"324","36.770183","10.2.13.112","13.107.42.14","TLSv1.2","153","Application Data"
"325","36.770452","10.2.13.112","13.107.42.14","TCP","1494","55340  >  443 [ACK] Seq=2156 Ack=151 Win=262144 Len=1440 [TCP segment of a reassembled PDU]"
"326","36.770464","10.2.13.112","13.107.42.14","TLSv1.2","680","Application Data"
"327","36.770505","10.2.13.112","13.107.42.14","TCP","1494","55340  >  443 [ACK] Seq=4222 Ack=151 Win=262144 Len=1440 [TCP segment of a reassembled PDU]"
"328","36.770514","10.2.13.112","13.107.42.14","TLSv1.2","1383","Application Data"
"329","36.784550","13.107.42.14","10.2.13.112","TCP","56","443  >  55340 [ACK] Seq=151 Ack=2057 Win=4194304 Len=0"
"330","36.784551","13.107.42.14","10.2.13.112","TCP","56","443  >  55340 [ACK] Seq=151 Ack=2156 Win=4194304 Len=0"
"331","36.784552","13.107.42.14","10.2.13.112","TCP","56","443  >  55340 [ACK] Seq=151 Ack=4222 Win=4194560 Len=0"
"332","36.784556","13.107.42.14","10.2.13.112","TCP","56","443  >  55340 [ACK] Seq=151 Ack=5662 Win=4193024 Len=0"
"333","36.784557","13.107.42.14","10.2.13.112","TCP","56","443  >  55340 [ACK] Seq=151 Ack=6991 Win=4194560 Len=0"
"334","36.784557","13.107.42.14","10.2.13.112","TLSv1.2","123","Application Data"
"335","36.784718","10.2.13.112","13.107.42.14","TCP","54","55340  >  443 [ACK] Seq=6991 Ack=220 Win=262016 Len=0"
"336","36.784902","10.2.13.112","13.107.42.14","TLSv1.2","92","Application Data"
"337","36.796372","13.107.42.14","10.2.13.112","TLSv1.2","92","Application Data"
"338","36.796489","10.2.13.112","13.107.42.14","TCP","54","55340  >  443 [ACK] Seq=7029 Ack=258 Win=262080 Len=0"
"339","36.877552","13.107.42.14","10.2.13.112","TLSv1.2","544","Application Data"
"340","36.877699","10.2.13.112","13.107.42.14","TCP","54","55340  >  443 [ACK] Seq=7029 Ack=748 Win=261632 Len=0"
"341","37.413775","10.2.13.112","13.107.42.14","TLSv1.2","230","Application Data"
"342","37.413898","10.2.13.112","13.107.42.14","TLSv1.2","463","Application Data"
"343","37.425552","13.107.42.14","10.2.13.112","TCP","56","443  >  55340 [ACK] Seq=748 Ack=7614 Win=4193792 Len=0"
"344","37.514427","13.107.42.14","10.2.13.112","TLSv1.2","229","Application Data"
"345","37.514541","10.2.13.112","13.107.42.14","TCP","54","55340  >  443 [ACK] Seq=7614 Ack=923 Win=261952 Len=0"
"346","37.631639","10.2.13.112","13.107.42.14","TCP","54","55340  >  443 [FIN, ACK] Seq=7614 Ack=923 Win=262144 Len=0"
"347","37.643696","13.107.42.14","10.2.13.112","TCP","56","443  >  55340 [ACK] Seq=923 Ack=7615 Win=4193792 Len=0"
"348","37.643698","13.107.42.14","10.2.13.112","TCP","56","443  >  55340 [FIN, ACK] Seq=923 Ack=7615 Win=4193792 Len=0"
"349","37.643833","10.2.13.112","13.107.42.14","TCP","54","55340  >  443 [ACK] Seq=7615 Ack=924 Win=262144 Len=0"
"350","42.421445","10.2.13.112","13.107.42.14","TCP","78","55350  >  443 [SYN] Seq=0 Win=65535 Len=0 MSS=1460 WS=64 TSval=2346245703 TSecr=0 SACK_PERM"
"351","42.441208","13.107.42.14","10.2.13.112","TCP","66","443  >  55350 [SYN, ACK] Seq=0 Ack=1 Win=65535 Len=0 MSS=1440 WS=256 SACK_PERM"
"352","42.441410","10.2.13.112","13.107.42.14","TCP","54","55350  >  443 [ACK] Seq=1 Ack=1 Win=262144 Len=0"
"353","42.441964","10.2.13.112","13.107.42.14","TCP","1494","55350  >  443 [ACK] Seq=1 Ack=1 Win=262144 Len=1440 [TCP segment of a reassembled PDU]"
"354","42.441989","10.2.13.112","13.107.42.14","TLSv1.2","619","Client Hello (SNI=px.ads.linkedin.com)"
"355","42.454255","13.107.42.14","10.2.13.112","TCP","56","443  >  55350 [ACK] Seq=1 Ack=1441 Win=4193024 Len=0"
"356","42.454257","13.107.42.14","10.2.13.112","TCP","56","443  >  55350 [ACK] Seq=1 Ack=2006 Win=4194560 Len=0"
"357","42.459526","13.107.42.14","10.2.13.112","TCP","1514","443  >  55350 [ACK] Seq=1 Ack=2006 Win=4194560 Len=1460 [TCP segment of a reassembled PDU]"
"358","42.459527","13.107.42.14","10.2.13.112","TCP","1514","443  >  55350 [ACK] Seq=1461 Ack=2006 Win=4194560 Len=1460 [TCP segment of a reassembled PDU]"
"359","42.459528","13.107.42.14","10.2.13.112","TCP","1514","443  >  55350 [ACK] Seq=2921 Ack=2006 Win=4194560 Len=1460 [TCP segment of a reassembled PDU]"
"360","42.459530","13.107.42.14","10.2.13.112","TLSv1.2","265","Server Hello, Certificate, Certificate Status, Server Key Exchange, Server Hello Done"
"361","42.459601","10.2.13.112","13.107.42.14","TCP","54","55350  >  443 [ACK] Seq=2006 Ack=4592 Win=257536 Len=0"
"362","42.459694","10.2.13.112","13.107.42.14","TCP","54","[TCP Window Update] 55350  >  443 [ACK] Seq=2006 Ack=4592 Win=262144 Len=0"
"363","42.462700","10.2.13.112","13.107.42.14","TLSv1.2","212","Client Key Exchange, Change Cipher Spec, Encrypted Handshake Message"
"364","42.462875","10.2.13.112","13.107.42.14","TLSv1.2","153","Application Data"
"365","42.463139","10.2.13.112","13.107.42.14","TCP","1494","55350  >  443 [ACK] Seq=2263 Ack=4592 Win=262144 Len=1440 [TCP segment of a reassembled PDU]"
"366","42.463148","10.2.13.112","13.107.42.14","TLSv1.2","679","Application Data"
"367","42.463178","10.2.13.112","13.107.42.14","TCP","1494","55350  >  443 [ACK] Seq=4328 Ack=4592 Win=262144 Len=1440 [TCP segment of a reassembled PDU]"
"368","42.463185","10.2.13.112","13.107.42.14","TLSv1.2","399","Application Data"
"369","42.474255","13.107.42.14","10.2.13.112","TCP","56","443  >  55350 [ACK] Seq=4592 Ack=2164 Win=4194304 Len=0"
"370","42.474257","13.107.42.14","10.2.13.112","TCP","56","443  >  55350 [ACK] Seq=4592 Ack=2263 Win=4194304 Len=0"
"371","42.476684","13.107.42.14","10.2.13.112","TLSv1.2","396","New Session Ticket, Change Cipher Spec, Encrypted Handshake Message"
"372","42.476685","13.107.42.14","10.2.13.112","TLSv1.2","123","Application Data"
"373","42.476687","13.107.42.14","10.2.13.112","TCP","66","[TCP Dup ACK 370#1] 443  >  55350 [ACK] Seq=5003 Ack=2263 Win=4194304 Len=0 SLE=3703 SRE=4328"
"374","42.476688","13.107.42.14","10.2.13.112","TCP","56","443  >  55350 [ACK] Seq=5003 Ack=4328 Win=4194560 Len=0"
"375","42.476688","13.107.42.14","10.2.13.112","TLSv1.2","92","Application Data"
"376","42.476689","13.107.42.14","10.2.13.112","TCP","56","443  >  55350 [ACK] Seq=5041 Ack=5768 Win=4193024 Len=0"
"377","42.476689","13.107.42.14","10.2.13.112","TCP","56","443  >  55350 [ACK] Seq=5041 Ack=6113 Win=4194560 Len=0"
"378","42.476772","10.2.13.112","13.107.42.14","TCP","54","55350  >  443 [ACK] Seq=6113 Ack=5003 Win=261696 Len=0"
"379","42.476828","10.2.13.112","13.107.42.14","TCP","54","55350  >  443 [ACK] Seq=6113 Ack=5041 Win=261632 Len=0"
"380","42.477005","10.2.13.112","13.107.42.14","TLSv1.2","92","Application Data"
"381","42.489323","13.107.42.14","10.2.13.112","TCP","56","443  >  55350 [ACK] Seq=5041 Ack=6151 Win=4194304 Len=0"
"382","42.569367","13.107.42.14","10.2.13.112","TLSv1.2","543","Application Data"
"383","42.569545","10.2.13.112","13.107.42.14","TCP","54","55350  >  443 [ACK] Seq=6151 Ack=5530 Win=261632 Len=0"
"384","42.589566","10.2.13.112","13.107.42.14","TLSv1.2","230","Application Data"
"385","42.589615","10.2.13.112","13.107.42.14","TLSv1.2","537","Application Data"
"386","42.600451","13.107.42.14","10.2.13.112","TCP","56","443  >  55350 [ACK] Seq=5530 Ack=6327 Win=4194304 Len=0"
"387","42.600452","13.107.42.14","10.2.13.112","TCP","56","443  >  55350 [ACK] Seq=5530 Ack=6810 Win=4193792 Len=0"
"388","42.698333","13.107.42.14","10.2.13.112","TLSv1.2","228","Application Data"
"389","42.698422","10.2.13.112","13.107.42.14","TCP","54","55350  >  443 [ACK] Seq=6810 Ack=5704 Win=261952 Len=0"
"390","45.537236","10.2.13.112","13.107.42.14","TLSv1.2","229","Application Data"
"391","45.537311","10.2.13.112","13.107.42.14","TCP","1494","55350  >  443 [ACK] Seq=6985 Ack=5704 Win=262144 Len=1440 [TCP segment of a reassembled PDU]"
"392","45.537322","10.2.13.112","13.107.42.14","TLSv1.2","895","Application Data"
"393","45.560546","13.107.42.14","10.2.13.112","TCP","56","443  >  55350 [ACK] Seq=5704 Ack=6985 Win=4193536 Len=0"
"394","45.560547","13.107.42.14","10.2.13.112","TCP","56","443  >  55350 [ACK] Seq=5704 Ack=9266 Win=4194560 Len=0"
"395","45.658325","13.107.42.14","10.2.13.112","TLSv1.2","386","Application Data"
"396","45.658430","10.2.13.112","13.107.42.14","TCP","54","55350  >  443 [ACK] Seq=9266 Ack=6036 Win=261760 Len=0"
"397","45.672736","10.2.13.112","13.107.42.14","TCP","1494","55350  >  443 [ACK] Seq=9266 Ack=6036 Win=262144 Len=1440 [TCP segment of a reassembled PDU]"
"398","45.672781","10.2.13.112","13.107.42.14","TLSv1.2","678","Application Data"
"399","45.672826","10.2.13.112","13.107.42.14","TLSv1.2","454","Application Data"
"400","45.684631","13.107.42.14","10.2.13.112","TCP","56","443  >  55350 [ACK] Seq=6036 Ack=10706 Win=4193024 Len=0"
"401","45.684632","13.107.42.14","10.2.13.112","TCP","56","443  >  55350 [ACK] Seq=6036 Ack=11330 Win=4194560 Len=0"
"402","45.684632","13.107.42.14","10.2.13.112","TCP","56","443  >  55350 [ACK] Seq=6036 Ack=11730 Win=4194048 Len=0"
"403","45.779468","13.107.42.14","10.2.13.112","TLSv1.2","229","Application Data"
"404","45.779546","10.2.13.112","13.107.42.14","TCP","54","55350  >  443 [ACK] Seq=11730 Ack=6211 Win=261952 Len=0"
"405","47.633969","10.2.13.112","13.107.42.14","TCP","54","55350  >  443 [FIN, ACK] Seq=11730 Ack=6211 Win=262144 Len=0"
"406","47.648349","13.107.42.14","10.2.13.112","TCP","56","443  >  55350 [ACK] Seq=6211 Ack=11731 Win=4194048 Len=0"
"407","47.648351","13.107.42.14","10.2.13.112","TCP","56","443  >  55350 [FIN, ACK] Seq=6211 Ack=11731 Win=4194048 Len=0"
"408","47.648456","10.2.13.112","13.107.42.14","TCP","54","55350  >  443 [ACK] Seq=11731 Ack=6212 Win=262144 Len=0"
"409","49.314637","10.2.13.112","13.107.42.14","TCP","78","55356  >  443 [SYN] Seq=0 Win=65535 Len=0 MSS=1460 WS=64 TSval=392673549 TSecr=0 SACK_PERM"
"410","49.326797","13.107.42.14","10.2.13.112","TCP","66","443  >  55356 [SYN, ACK] Seq=0 Ack=1 Win=65535 Len=0 MSS=1440 WS=256 SACK_PERM"
"411","49.326973","10.2.13.112","13.107.42.14","TCP","54","55356  >  443 [ACK] Seq=1 Ack=1 Win=262144 Len=0"
"412","49.327348","10.2.13.112","13.107.42.14","TCP","1494","55356  >  443 [ACK] Seq=1 Ack=1 Win=262144 Len=1440 [TCP segment of a reassembled PDU]"
"413","49.327373","10.2.13.112","13.107.42.14","TLSv1.2","619","Client Hello (SNI=px.ads.linkedin.com)"
"414","49.340350","13.107.42.14","10.2.13.112","TCP","56","443  >  55356 [ACK] Seq=1 Ack=1441 Win=4193024 Len=0"
"415","49.340351","13.107.42.14","10.2.13.112","TCP","56","443  >  55356 [ACK] Seq=1 Ack=2006 Win=4194560 Len=0"
"416","49.340352","13.107.42.14","10.2.13.112","TLSv1.2","204","Server Hello, Change Cipher Spec, Encrypted Handshake Message"
"417","49.340469","10.2.13.112","13.107.42.14","TCP","54","55356  >  443 [ACK] Seq=2006 Ack=151 Win=261952 Len=0"
"418","49.340685","10.2.13.112","13.107.42.14","TLSv1.2","105","Change Cipher Spec, Encrypted Handshake Message"
"419","49.340803","10.2.13.112","13.107.42.14","TLSv1.2","153","Application Data"
"420","49.341016","10.2.13.112","13.107.42.14","TCP","1494","55356  >  443 [ACK] Seq=2156 Ack=151 Win=262144 Len=1440 [TCP segment of a reassembled PDU]"
"421","49.341024","10.2.13.112","13.107.42.14","TLSv1.2","679","Application Data"
"422","49.341066","10.2.13.112","13.107.42.14","TCP","1494","55356  >  443 [ACK] Seq=4221 Ack=151 Win=262144 Len=1440 [TCP segment of a reassembled PDU]"
"423","49.341068","10.2.13.112","13.107.42.14","TCP","1494","55356  >  443 [ACK] Seq=5661 Ack=151 Win=262144 Len=1440 [TCP segment of a reassembled PDU]"
"424","49.341076","10.2.13.112","13.107.42.14","TLSv1.2","747","Application Data"
"425","49.354444","13.107.42.14","10.2.13.112","TCP","56","443  >  55356 [ACK] Seq=151 Ack=2057 Win=4194304 Len=0"
"426","49.354446","13.107.42.14","10.2.13.112","TCP","56","443  >  55356 [ACK] Seq=151 Ack=2156 Win=4194304 Len=0"
"427","49.354447","13.107.42.14","10.2.13.112","TCP","56","443  >  55356 [ACK] Seq=151 Ack=3596 Win=4194560 Len=0"
"428","49.354448","13.107.42.14","10.2.13.112","TCP","56","443  >  55356 [ACK] Seq=151 Ack=4221 Win=4193792 Len=0"
"429","49.354449","13.107.42.14","10.2.13.112","TCP","56","443  >  55356 [ACK] Seq=151 Ack=5661 Win=4194560 Len=0"
"430","49.354449","13.107.42.14","10.2.13.112","TLSv1.2","123","Application Data"
"431","49.354457","13.107.42.14","10.2.13.112","TLSv1.2","92","Application Data"
"432","49.354458","13.107.42.14","10.2.13.112","TCP","56","443  >  55356 [ACK] Seq=258 Ack=7794 Win=4194560 Len=0"
"433","49.354581","10.2.13.112","13.107.42.14","TCP","54","55356  >  443 [ACK] Seq=7794 Ack=220 Win=262016 Len=0"
"434","49.354638","10.2.13.112","13.107.42.14","TCP","54","55356  >  443 [ACK] Seq=7794 Ack=258 Win=262016 Len=0"
"435","49.354716","10.2.13.112","13.107.42.14","TLSv1.2","92","Application Data"
"436","49.366184","13.107.42.14","10.2.13.112","TCP","56","443  >  55356 [ACK] Seq=258 Ack=7832 Win=4194304 Len=0"
"437","49.448170","13.107.42.14","10.2.13.112","TLSv1.2","542","Application Data"
"438","49.448263","10.2.13.112","13.107.42.14","TCP","54","55356  >  443 [ACK] Seq=7832 Ack=746 Win=261632 Len=0"
"439","52.636673","10.2.13.112","13.107.42.14","TCP","54","55356  >  443 [FIN, ACK] Seq=7832 Ack=746 Win=262144 Len=0"
"440","52.651399","13.107.42.14","10.2.13.112","TCP","56","443  >  55356 [ACK] Seq=746 Ack=7833 Win=4194304 Len=0"
"441","52.651401","13.107.42.14","10.2.13.112","TCP","56","443  >  55356 [FIN, ACK] Seq=746 Ack=7833 Win=4194304 Len=0"
"442","52.651548","10.2.13.112","13.107.42.14","TCP","54","55356  >  443 [ACK] Seq=7833 Ack=747 Win=262144 Len=0"
"443","56.552874","10.2.13.112","13.107.42.14","TCP","78","55359  >  443 [SYN] Seq=0 Win=65535 Len=0 MSS=1460 WS=64 TSval=2734219434 TSecr=0 SACK_PERM"
"444","56.574757","13.107.42.14","10.2.13.112","TCP","66","443  >  55359 [SYN, ACK] Seq=0 Ack=1 Win=65535 Len=0 MSS=1440 WS=256 SACK_PERM"
"445","56.574940","10.2.13.112","13.107.42.14","TCP","54","55359  >  443 [ACK] Seq=1 Ack=1 Win=262144 Len=0"
"446","56.575361","10.2.13.112","13.107.42.14","TCP","1494","55359  >  443 [ACK] Seq=1 Ack=1 Win=262144 Len=1440 [TCP segment of a reassembled PDU]"
"447","56.575391","10.2.13.112","13.107.42.14","TLSv1.2","651","Client Hello (SNI=px.ads.linkedin.com)"
"448","56.587653","13.107.42.14","10.2.13.112","TCP","56","443  >  55359 [ACK] Seq=1 Ack=1441 Win=4193024 Len=0"
"449","56.587654","13.107.42.14","10.2.13.112","TCP","56","443  >  55359 [ACK] Seq=1 Ack=2038 Win=4194560 Len=0"
"450","56.587655","13.107.42.14","10.2.13.112","TLSv1.2","204","Server Hello, Change Cipher Spec, Encrypted Handshake Message"
"451","56.587831","10.2.13.112","13.107.42.14","TCP","54","55359  >  443 [ACK] Seq=2038 Ack=151 Win=261952 Len=0"
"452","56.588083","10.2.13.112","13.107.42.14","TLSv1.2","105","Change Cipher Spec, Encrypted Handshake Message"
"453","56.588208","10.2.13.112","13.107.42.14","TLSv1.2","153","Application Data"
"454","56.588387","10.2.13.112","13.107.42.14","TCP","1494","55359  >  443 [ACK] Seq=2188 Ack=151 Win=262144 Len=1440 [TCP segment of a reassembled PDU]"
"455","56.588393","10.2.13.112","13.107.42.14","TLSv1.2","679","Application Data"
"456","56.588413","10.2.13.112","13.107.42.14","TCP","1494","55359  >  443 [ACK] Seq=4253 Ack=151 Win=262144 Len=1440 [TCP segment of a reassembled PDU]"
"457","56.588419","10.2.13.112","13.107.42.14","TLSv1.2","1373","Application Data"
"458","56.601756","13.107.42.14","10.2.13.112","TCP","56","443  >  55359 [ACK] Seq=151 Ack=2089 Win=4194304 Len=0"
"459","56.601757","13.107.42.14","10.2.13.112","TCP","56","443  >  55359 [ACK] Seq=151 Ack=2188 Win=4194304 Len=0"
"460","56.601758","13.107.42.14","10.2.13.112","TCP","56","443  >  55359 [ACK] Seq=151 Ack=4253 Win=4194560 Len=0"
"461","56.601758","13.107.42.14","10.2.13.112","TCP","56","443  >  55359 [ACK] Seq=151 Ack=5693 Win=4193024 Len=0"
"462","56.601758","13.107.42.14","10.2.13.112","TCP","56","443  >  55359 [ACK] Seq=151 Ack=7012 Win=4194560 Len=0"
"463","56.601759","13.107.42.14","10.2.13.112","TLSv1.2","123","Application Data"
"464","56.601898","10.2.13.112","13.107.42.14","TCP","54","55359  >  443 [ACK] Seq=7012 Ack=220 Win=262016 Len=0"
"465","56.602080","10.2.13.112","13.107.42.14","TLSv1.2","92","Application Data"
"466","56.614284","13.107.42.14","10.2.13.112","TLSv1.2","92","Application Data"
"467","56.614286","13.107.42.14","10.2.13.112","TCP","56","443  >  55359 [ACK] Seq=258 Ack=7050 Win=4194304 Len=0"
"468","56.614397","10.2.13.112","13.107.42.14","TCP","54","55359  >  443 [ACK] Seq=7050 Ack=258 Win=262080 Len=0"
"469","56.929103","13.107.42.14","10.2.13.112","TLSv1.2","544","Application Data"
"470","56.929262","10.2.13.112","13.107.42.14","TCP","54","55359  >  443 [ACK] Seq=7050 Ack=748 Win=261632 Len=0"
"471","57.635142","10.2.13.112","13.107.42.14","TCP","54","55359  >  443 [FIN, ACK] Seq=7050 Ack=748 Win=262144 Len=0"
"472","57.647835","13.107.42.14","10.2.13.112","TCP","56","443  >  55359 [ACK] Seq=748 Ack=7051 Win=4194304 Len=0"
"473","57.647837","13.107.42.14","10.2.13.112","TCP","56","443  >  55359 [FIN, ACK] Seq=748 Ack=7051 Win=4194304 Len=0"
"474","57.648015","10.2.13.112","13.107.42.14","TCP","54","55359  >  443 [ACK] Seq=7051 Ack=749 Win=262144 Len=0"
"475","57.857748","10.2.13.112","13.107.42.14","TCP","78","55362  >  443 [SYN] Seq=0 Win=65535 Len=0 MSS=1460 WS=64 TSval=2582784236 TSecr=0 SACK_PERM"
"476","57.868607","13.107.42.14","10.2.13.112","TCP","66","443  >  55362 [SYN, ACK] Seq=0 Ack=1 Win=65535 Len=0 MSS=1440 WS=256 SACK_PERM"
"477","57.868675","10.2.13.112","13.107.42.14","TCP","54","55362  >  443 [ACK] Seq=1 Ack=1 Win=262144 Len=0"
"478","57.868918","10.2.13.112","13.107.42.14","TCP","1494","55362  >  443 [ACK] Seq=1 Ack=1 Win=262144 Len=1440 [TCP segment of a reassembled PDU]"
"479","57.868929","10.2.13.112","13.107.42.14","TLSv1.2","715","Client Hello (SNI=px.ads.linkedin.com)"
"480","57.881269","13.107.42.14","10.2.13.112","TCP","56","443  >  55362 [ACK] Seq=1 Ack=1441 Win=4193024 Len=0"
"481","57.881271","13.107.42.14","10.2.13.112","TCP","56","443  >  55362 [ACK] Seq=1 Ack=2102 Win=4194560 Len=0"
"482","57.884540","13.107.42.14","10.2.13.112","TCP","1514","443  >  55362 [ACK] Seq=1 Ack=2102 Win=4194560 Len=1460 [TCP segment of a reassembled PDU]"
"483","57.884541","13.107.42.14","10.2.13.112","TCP","1514","443  >  55362 [ACK] Seq=1461 Ack=2102 Win=4194560 Len=1460 [TCP segment of a reassembled PDU]"
"484","57.884542","13.107.42.14","10.2.13.112","TCP","1514","443  >  55362 [ACK] Seq=2921 Ack=2102 Win=4194560 Len=1460 [TCP segment of a reassembled PDU]"
"485","57.884543","13.107.42.14","10.2.13.112","TLSv1.2","265","Server Hello, Certificate, Certificate Status, Server Key Exchange, Server Hello Done"
"486","57.884610","10.2.13.112","13.107.42.14","TCP","54","55362  >  443 [ACK] Seq=2102 Ack=4592 Win=257536 Len=0"
"487","57.884683","10.2.13.112","13.107.42.14","TCP","54","[TCP Window Update] 55362  >  443 [ACK] Seq=2102 Ack=4592 Win=262144 Len=0"
"488","57.886225","10.2.13.112","13.107.42.14","TLSv1.2","212","Client Key Exchange, Change Cipher Spec, Encrypted Handshake Message"
"489","57.886354","10.2.13.112","13.107.42.14","TLSv1.2","153","Application Data"
"490","57.886473","10.2.13.112","13.107.42.14","TCP","1494","55362  >  443 [ACK] Seq=2359 Ack=4592 Win=262144 Len=1440 [TCP segment of a reassembled PDU]"
"491","57.886478","10.2.13.112","13.107.42.14","TLSv1.2","679","Application Data"
"492","57.886491","10.2.13.112","13.107.42.14","TLSv1.2","509","Application Data"
"493","57.898475","13.107.42.14","10.2.13.112","TCP","56","443  >  55362 [ACK] Seq=4592 Ack=2260 Win=4194304 Len=0"
"494","57.898476","13.107.42.14","10.2.13.112","TCP","56","443  >  55362 [ACK] Seq=4592 Ack=4879 Win=4194560 Len=0"
"495","57.899688","13.107.42.14","10.2.13.112","TLSv1.2","396","New Session Ticket, Change Cipher Spec, Encrypted Handshake Message"
"496","57.899689","13.107.42.14","10.2.13.112","TLSv1.2","123","Application Data"
"497","57.899751","10.2.13.112","13.107.42.14","TCP","54","55362  >  443 [ACK] Seq=4879 Ack=5003 Win=261696 Len=0"
"498","57.899875","10.2.13.112","13.107.42.14","TLSv1.2","92","Application Data"
"499","57.910599","13.107.42.14","10.2.13.112","TLSv1.2","92","Application Data"
"500","57.910600","13.107.42.14","10.2.13.112","TCP","56","443  >  55362 [ACK] Seq=5041 Ack=4917 Win=4194304 Len=0"
"501","57.910679","10.2.13.112","13.107.42.14","TCP","54","55362  >  443 [ACK] Seq=4917 Ack=5041 Win=262080 Len=0"
"502","57.997165","13.107.42.14","10.2.13.112","TLSv1.2","541","Application Data"
"503","57.997247","10.2.13.112","13.107.42.14","TCP","54","55362  >  443 [ACK] Seq=4917 Ack=5528 Win=261632 Len=0"
"504","62.640646","10.2.13.112","13.107.42.14","TCP","54","55362  >  443 [FIN, ACK] Seq=4917 Ack=5528 Win=262144 Len=0"
"505","62.653219","13.107.42.14","10.2.13.112","TCP","56","443  >  55362 [ACK] Seq=5528 Ack=4918 Win=4194304 Len=0"
"506","62.653221","13.107.42.14","10.2.13.112","TCP","56","443  >  55362 [FIN, ACK] Seq=5528 Ack=4918 Win=4194304 Len=0"
"507","62.653477","10.2.13.112","13.107.42.14","TCP","54","55362  >  443 [ACK] Seq=4918 Ack=5529 Win=262144 Len=0"
"508","63.284676","10.2.13.112","13.107.42.14","TCP","78","55366  >  443 [SYN] Seq=0 Win=65535 Len=0 MSS=1460 WS=64 TSval=3081425074 TSecr=0 SACK_PERM"
"509","63.296460","13.107.42.14","10.2.13.112","TCP","66","443  >  55366 [SYN, ACK] Seq=0 Ack=1 Win=65535 Len=0 MSS=1440 WS=256 SACK_PERM"
"510","63.296545","10.2.13.112","13.107.42.14","TCP","54","55366  >  443 [ACK] Seq=1 Ack=1 Win=262144 Len=0"
"511","63.296976","10.2.13.112","13.107.42.14","TCP","1494","55366  >  443 [ACK] Seq=1 Ack=1 Win=262144 Len=1440 [TCP segment of a reassembled PDU]"
"512","63.297007","10.2.13.112","13.107.42.14","TLSv1.2","651","Client Hello (SNI=px.ads.linkedin.com)"
"513","63.309723","13.107.42.14","10.2.13.112","TCP","56","443  >  55366 [ACK] Seq=1 Ack=1441 Win=4193024 Len=0"
"514","63.309725","13.107.42.14","10.2.13.112","TCP","56","443  >  55366 [ACK] Seq=1 Ack=2038 Win=4194560 Len=0"
"515","63.309725","13.107.42.14","10.2.13.112","TLSv1.2","204","Server Hello, Change Cipher Spec, Encrypted Handshake Message"
"516","63.309886","10.2.13.112","13.107.42.14","TCP","54","55366  >  443 [ACK] Seq=2038 Ack=151 Win=261952 Len=0"
"517","63.310209","10.2.13.112","13.107.42.14","TLSv1.2","105","Change Cipher Spec, Encrypted Handshake Message"
"518","63.310371","10.2.13.112","13.107.42.14","TLSv1.2","153","Application Data"
"519","63.310552","10.2.13.112","13.107.42.14","TCP","1494","55366  >  443 [ACK] Seq=2188 Ack=151 Win=262144 Len=1440 [TCP segment of a reassembled PDU]"
"520","63.310560","10.2.13.112","13.107.42.14","TLSv1.2","679","Application Data"
"521","63.310585","10.2.13.112","13.107.42.14","TCP","1494","55366  >  443 [ACK] Seq=4253 Ack=151 Win=262144 Len=1440 [TCP segment of a reassembled PDU]"
"522","63.310586","10.2.13.112","13.107.42.14","TCP","1494","55366  >  443 [ACK] Seq=5693 Ack=151 Win=262144 Len=1440 [TCP segment of a reassembled PDU]"
"523","63.310593","10.2.13.112","13.107.42.14","TLSv1.2","588","Application Data"
"524","63.322763","13.107.42.14","10.2.13.112","TCP","56","443  >  55366 [ACK] Seq=151 Ack=4253 Win=4194560 Len=0"
"525","63.322765","13.107.42.14","10.2.13.112","TCP","56","443  >  55366 [ACK] Seq=151 Ack=7667 Win=4194560 Len=0"
"526","63.322766","13.107.42.14","10.2.13.112","TLSv1.2","123","Application Data"
"527","63.322945","10.2.13.112","13.107.42.14","TCP","54","55366  >  443 [ACK] Seq=7667 Ack=220 Win=262016 Len=0"
"528","63.323118","10.2.13.112","13.107.42.14","TLSv1.2","92","Application Data"
"529","63.334481","13.107.42.14","10.2.13.112","TLSv1.2","92","Application Data"
"530","63.334583","10.2.13.112","13.107.42.14","TCP","54","55366  >  443 [ACK] Seq=7705 Ack=258 Win=262080 Len=0"
"531","63.416835","10.2.13.112","13.107.42.14","TLSv1.2","141","Application Data"
"532","63.416883","10.2.13.112","13.107.42.14","TLSv1.2","509","Application Data"
"533","63.428467","13.107.42.14","10.2.13.112","TCP","56","443  >  55366 [ACK] Seq=258 Ack=7792 Win=4194304 Len=0"
"534","63.428468","13.107.42.14","10.2.13.112","TCP","56","443  >  55366 [ACK] Seq=258 Ack=8247 Win=4193792 Len=0"
"535","63.473193","13.107.42.14","10.2.13.112","TLSv1.2","543","Application Data"
"536","63.473285","10.2.13.112","13.107.42.14","TCP","54","55366  >  443 [ACK] Seq=8247 Ack=747 Win=261632 Len=0"
"537","63.521336","13.107.42.14","10.2.13.112","TLSv1.2","232","Application Data"
"538","63.521382","10.2.13.112","13.107.42.14","TCP","54","55366  >  443 [ACK] Seq=8247 Ack=925 Win=261952 Len=0"
"539","66.052826","10.2.13.112","13.107.42.14","TLSv1.2","230","Application Data"
"540","66.052934","10.2.13.112","13.107.42.14","TLSv1.2","1428","Application Data"
"541","66.073257","13.107.42.14","10.2.13.112","TCP","56","443  >  55366 [ACK] Seq=925 Ack=8423 Win=4193792 Len=0"
"542","66.073259","13.107.42.14","10.2.13.112","TCP","56","443  >  55366 [ACK] Seq=925 Ack=9797 Win=4194560 Len=0"
"543","66.169232","13.107.42.14","10.2.13.112","TLSv1.2","388","Application Data"
"544","66.169325","10.2.13.112","13.107.42.14","TCP","54","55366  >  443 [ACK] Seq=9797 Ack=1259 Win=261760 Len=0"
"545","66.489181","10.2.13.112","13.107.42.14","TLSv1.2","230","Application Data"
"546","66.489241","10.2.13.112","13.107.42.14","TLSv1.2","438","Application Data"
"547","66.500424","13.107.42.14","10.2.13.112","TCP","56","443  >  55366 [ACK] Seq=1259 Ack=9973 Win=4194304 Len=0"
"548","66.500425","13.107.42.14","10.2.13.112","TCP","56","443  >  55366 [ACK] Seq=1259 Ack=10357 Win=4193792 Len=0"
"549","66.591938","13.107.42.14","10.2.13.112","TLSv1.2","229","Application Data"
"550","66.592011","10.2.13.112","13.107.42.14","TCP","54","55366  >  443 [ACK] Seq=10357 Ack=1434 Win=261952 Len=0"
"551","67.638864","10.2.13.112","13.107.42.14","TCP","54","55366  >  443 [FIN, ACK] Seq=10357 Ack=1434 Win=262144 Len=0"
"552","67.651207","13.107.42.14","10.2.13.112","TCP","56","443  >  55366 [ACK] Seq=1434 Ack=10358 Win=4193792 Len=0"
"553","67.651209","13.107.42.14","10.2.13.112","TCP","56","443  >  55366 [FIN, ACK] Seq=1434 Ack=10358 Win=4193792 Len=0"
"554","67.651369","10.2.13.112","13.107.42.14","TCP","54","55366  >  443 [ACK] Seq=10358 Ack=1435 Win=262144 Len=0"
"555","80.604250","10.2.13.112","13.107.42.14","TCP","78","55378  >  443 [SYN] Seq=0 Win=65535 Len=0 MSS=1460 WS=64 TSval=2275638670 TSecr=0 SACK_PERM"
"556","80.854822","10.2.13.112","13.107.42.14","TCP","78","55379  >  443 [SYN] Seq=0 Win=65535 Len=0 MSS=1460 WS=64 TSval=3247072146 TSecr=0 SACK_PERM"
"557","80.866852","13.107.42.14","10.2.13.112","TCP","66","443  >  55379 [SYN, ACK] Seq=0 Ack=1 Win=65535 Len=0 MSS=1440 WS=256 SACK_PERM"
"558","80.866945","10.2.13.112","13.107.42.14","TCP","54","55379  >  443 [ACK] Seq=1 Ack=1 Win=262144 Len=0"
"559","80.867326","10.2.13.112","13.107.42.14","TCP","1494","55379  >  443 [ACK] Seq=1 Ack=1 Win=262144 Len=1440 [TCP segment of a reassembled PDU]"
"560","80.867342","10.2.13.112","13.107.42.14","TLSv1.2","715","Client Hello (SNI=px.ads.linkedin.com)"
"561","80.879460","13.107.42.14","10.2.13.112","TCP","56","443  >  55379 [ACK] Seq=1 Ack=1441 Win=4193024 Len=0"
"562","80.879461","13.107.42.14","10.2.13.112","TCP","56","443  >  55379 [ACK] Seq=1 Ack=2102 Win=4194560 Len=0"
"563","80.882149","13.107.42.14","10.2.13.112","TCP","1514","443  >  55379 [ACK] Seq=1 Ack=2102 Win=4194560 Len=1460 [TCP segment of a reassembled PDU]"
"564","80.882150","13.107.42.14","10.2.13.112","TCP","1514","443  >  55379 [ACK] Seq=1461 Ack=2102 Win=4194560 Len=1460 [TCP segment of a reassembled PDU]"
"565","80.882151","13.107.42.14","10.2.13.112","TCP","1514","443  >  55379 [ACK] Seq=2921 Ack=2102 Win=4194560 Len=1460 [TCP segment of a reassembled PDU]"
"566","80.882152","13.107.42.14","10.2.13.112","TLSv1.2","265","Server Hello, Certificate, Certificate Status, Server Key Exchange, Server Hello Done"
"567","80.882239","10.2.13.112","13.107.42.14","TCP","54","55379  >  443 [ACK] Seq=2102 Ack=4592 Win=257536 Len=0"
"568","80.882538","10.2.13.112","13.107.42.14","TCP","54","[TCP Window Update] 55379  >  443 [ACK] Seq=2102 Ack=4592 Win=262144 Len=0"
"569","80.883963","10.2.13.112","13.107.42.14","TLSv1.2","212","Client Key Exchange, Change Cipher Spec, Encrypted Handshake Message"
"570","80.884809","10.2.13.112","13.107.42.14","TLSv1.2","153","Application Data"
"571","80.884965","10.2.13.112","13.107.42.14","TCP","1494","55379  >  443 [ACK] Seq=2359 Ack=4592 Win=262144 Len=1440 [TCP segment of a reassembled PDU]"
"572","80.884971","10.2.13.112","13.107.42.14","TLSv1.2","679","Application Data"
"573","80.884999","10.2.13.112","13.107.42.14","TLSv1.2","141","Application Data"
"574","80.885013","10.2.13.112","13.107.42.14","TCP","1494","55379  >  443 [ACK] Seq=4511 Ack=4592 Win=262144 Len=1440 [TCP segment of a reassembled PDU]"
"575","80.885017","10.2.13.112","13.107.42.14","TLSv1.2","334","Application Data"
"576","80.885027","10.2.13.112","13.107.42.14","TLSv1.2","433","Application Data"
"577","80.895817","13.107.42.14","10.2.13.112","TCP","56","443  >  55379 [ACK] Seq=4592 Ack=2260 Win=4194304 Len=0"
"578","80.898810","13.107.42.14","10.2.13.112","TLSv1.2","396","New Session Ticket, Change Cipher Spec, Encrypted Handshake Message"
"579","80.898811","13.107.42.14","10.2.13.112","TLSv1.2","123","Application Data"
"580","80.898812","13.107.42.14","10.2.13.112","TCP","56","443  >  55379 [ACK] Seq=5003 Ack=2359 Win=4194304 Len=0"
"581","80.898812","13.107.42.14","10.2.13.112","TCP","56","443  >  55379 [ACK] Seq=5003 Ack=3799 Win=4194560 Len=0"
"582","80.898813","13.107.42.14","10.2.13.112","TCP","56","443  >  55379 [ACK] Seq=5003 Ack=4424 Win=4193792 Len=0"
"583","80.898813","13.107.42.14","10.2.13.112","TCP","56","443  >  55379 [ACK] Seq=5003 Ack=5951 Win=4194560 Len=0"
"584","80.898813","13.107.42.14","10.2.13.112","TLSv1.2","92","Application Data"
"585","80.898901","10.2.13.112","13.107.42.14","TCP","54","55379  >  443 [ACK] Seq=6610 Ack=5003 Win=261696 Len=0"
"586","80.898952","10.2.13.112","13.107.42.14","TCP","54","55379  >  443 [ACK] Seq=6610 Ack=5041 Win=261632 Len=0"
"587","80.900227","10.2.13.112","13.107.42.14","TLSv1.2","92","Application Data"
"588","80.912095","13.107.42.14","10.2.13.112","TCP","56","443  >  55379 [ACK] Seq=5041 Ack=6648 Win=4193792 Len=0"
"589","80.992358","13.107.42.14","10.2.13.112","TLSv1.2","544","Application Data"
"590","80.992449","10.2.13.112","13.107.42.14","TCP","54","55379  >  443 [ACK] Seq=6648 Ack=5531 Win=261632 Len=0"
"591","81.003245","13.107.42.14","10.2.13.112","TLSv1.2","230","Application Data"
"592","81.003333","10.2.13.112","13.107.42.14","TCP","54","55379  >  443 [ACK] Seq=6648 Ack=5707 Win=261952 Len=0"
"593","81.057751","13.107.42.14","10.2.13.112","TCP","66","443  >  55378 [SYN, ACK] Seq=0 Ack=1 Win=65535 Len=0 MSS=1440 WS=256 SACK_PERM"
"594","81.057812","10.2.13.112","13.107.42.14","TCP","54","55378  >  443 [ACK] Seq=1 Ack=1 Win=262144 Len=0"
"595","81.058334","10.2.13.112","13.107.42.14","TCP","1494","55378  >  443 [ACK] Seq=1 Ack=1 Win=262144 Len=1440 [TCP segment of a reassembled PDU]"
"596","81.058352","10.2.13.112","13.107.42.14","TLSv1.2","683","Client Hello (SNI=px.ads.linkedin.com)"
"597","81.070061","13.107.42.14","10.2.13.112","TCP","56","443  >  55378 [ACK] Seq=1 Ack=2070 Win=4194560 Len=0"
"598","81.073047","13.107.42.14","10.2.13.112","TCP","1514","443  >  55378 [ACK] Seq=1 Ack=2070 Win=4194560 Len=1460 [TCP segment of a reassembled PDU]"
"599","81.073049","13.107.42.14","10.2.13.112","TCP","1514","443  >  55378 [ACK] Seq=1461 Ack=2070 Win=4194560 Len=1460 [TCP segment of a reassembled PDU]"
"600","81.073051","13.107.42.14","10.2.13.112","TCP","1514","443  >  55378 [ACK] Seq=2921 Ack=2070 Win=4194560 Len=1460 [TCP segment of a reassembled PDU]"
"601","81.073052","13.107.42.14","10.2.13.112","TLSv1.2","265","Server Hello, Certificate, Certificate Status, Server Key Exchange, Server Hello Done"
"602","81.073192","10.2.13.112","13.107.42.14","TCP","54","55378  >  443 [ACK] Seq=2070 Ack=4592 Win=257536 Len=0"
"603","81.073495","10.2.13.112","13.107.42.14","TCP","54","[TCP Window Update] 55378  >  443 [ACK] Seq=2070 Ack=4592 Win=262144 Len=0"
"604","81.075100","10.2.13.112","13.107.42.14","TLSv1.2","212","Client Key Exchange, Change Cipher Spec, Encrypted Handshake Message"
"605","81.085492","13.107.42.14","10.2.13.112","TCP","56","443  >  55378 [ACK] Seq=4592 Ack=2228 Win=4194304 Len=0"
"606","81.087937","13.107.42.14","10.2.13.112","TLSv1.2","396","New Session Ticket, Change Cipher Spec, Encrypted Handshake Message"
"607","81.087938","13.107.42.14","10.2.13.112","TLSv1.2","123","Application Data"
"608","81.087975","10.2.13.112","13.107.42.14","TCP","54","55378  >  443 [ACK] Seq=2228 Ack=5003 Win=261696 Len=0"
"609","82.641372","10.2.13.112","13.107.42.14","TCP","54","55378  >  443 [FIN, ACK] Seq=2228 Ack=5003 Win=262144 Len=0"
"610","82.642187","10.2.13.112","13.107.42.14","TCP","54","55379  >  443 [FIN, ACK] Seq=6648 Ack=5707 Win=262144 Len=0"
"611","82.651989","13.107.42.14","10.2.13.112","TCP","56","443  >  55378 [ACK] Seq=5003 Ack=2229 Win=4194304 Len=0"
"612","82.651989","13.107.42.14","10.2.13.112","TCP","56","443  >  55378 [RST, ACK] Seq=5003 Ack=2229 Win=0 Len=0"
"613","82.655369","13.107.42.14","10.2.13.112","TCP","56","443  >  55379 [ACK] Seq=5707 Ack=6649 Win=4193792 Len=0"
"614","82.655370","13.107.42.14","10.2.13.112","TCP","56","443  >  55379 [FIN, ACK] Seq=5707 Ack=6649 Win=4193792 Len=0"
"615","82.655474","10.2.13.112","13.107.42.14","TCP","54","55379  >  443 [ACK] Seq=6649 Ack=5708 Win=262144 Len=0"
"616","106.388452","10.2.13.112","13.107.42.14","TCP","78","55392  >  443 [SYN] Seq=0 Win=65535 Len=0 MSS=1460 WS=64 TSval=3815488315 TSecr=0 SACK_PERM"
"617","106.406563","13.107.42.14","10.2.13.112","TCP","66","443  >  55392 [SYN, ACK] Seq=0 Ack=1 Win=65535 Len=0 MSS=1440 WS=256 SACK_PERM"
"618","106.406721","10.2.13.112","13.107.42.14","TCP","54","55392  >  443 [ACK] Seq=1 Ack=1 Win=262144 Len=0"
"619","106.407307","10.2.13.112","13.107.42.14","TCP","1494","55392  >  443 [ACK] Seq=1 Ack=1 Win=262144 Len=1440 [TCP segment of a reassembled PDU]"
"620","106.407339","10.2.13.112","13.107.42.14","TLSv1.2","683","Client Hello (SNI=px.ads.linkedin.com)"
"621","106.419527","13.107.42.14","10.2.13.112","TCP","56","443  >  55392 [ACK] Seq=1 Ack=1441 Win=4193024 Len=0"
"622","106.419528","13.107.42.14","10.2.13.112","TCP","56","443  >  55392 [ACK] Seq=1 Ack=2070 Win=4194560 Len=0"
"623","106.422666","13.107.42.14","10.2.13.112","TCP","1514","443  >  55392 [ACK] Seq=1 Ack=2070 Win=4194560 Len=1460 [TCP segment of a reassembled PDU]"
"624","106.422668","13.107.42.14","10.2.13.112","TCP","1514","443  >  55392 [ACK] Seq=1461 Ack=2070 Win=4194560 Len=1460 [TCP segment of a reassembled PDU]"
"625","106.422669","13.107.42.14","10.2.13.112","TCP","1514","443  >  55392 [ACK] Seq=2921 Ack=2070 Win=4194560 Len=1460 [TCP segment of a reassembled PDU]"
"626","106.422670","13.107.42.14","10.2.13.112","TLSv1.2","265","Server Hello, Certificate, Certificate Status, Server Key Exchange, Server Hello Done"
"627","106.422786","10.2.13.112","13.107.42.14","TCP","54","55392  >  443 [ACK] Seq=2070 Ack=4592 Win=257536 Len=0"
"628","106.422920","10.2.13.112","13.107.42.14","TCP","54","[TCP Window Update] 55392  >  443 [ACK] Seq=2070 Ack=4592 Win=262144 Len=0"
"629","106.425914","10.2.13.112","13.107.42.14","TLSv1.2","212","Client Key Exchange, Change Cipher Spec, Encrypted Handshake Message"
"630","106.426046","10.2.13.112","13.107.42.14","TLSv1.2","153","Application Data"
"631","106.426243","10.2.13.112","13.107.42.14","TCP","1494","55392  >  443 [ACK] Seq=2327 Ack=4592 Win=262144 Len=1440 [TCP segment of a reassembled PDU]"
"632","106.426250","10.2.13.112","13.107.42.14","TLSv1.2","679","Application Data"
"633","106.426279","10.2.13.112","13.107.42.14","TCP","1494","55392  >  443 [ACK] Seq=4392 Ack=4592 Win=262144 Len=1440 [TCP segment of a reassembled PDU]"
"634","106.426285","10.2.13.112","13.107.42.14","TLSv1.2","349","Application Data"
"635","106.437402","13.107.42.14","10.2.13.112","TCP","56","443  >  55392 [ACK] Seq=4592 Ack=2327 Win=4194304 Len=0"
"636","106.439410","13.107.42.14","10.2.13.112","TCP","56","443  >  55392 [ACK] Seq=4592 Ack=3767 Win=4194560 Len=0"
"637","106.439411","13.107.42.14","10.2.13.112","TCP","56","443  >  55392 [ACK] Seq=4592 Ack=4392 Win=4193792 Len=0"
"638","106.439412","13.107.42.14","10.2.13.112","TCP","56","443  >  55392 [ACK] Seq=4592 Ack=5832 Win=4194560 Len=0"
"639","106.439413","13.107.42.14","10.2.13.112","TCP","56","443  >  55392 [ACK] Seq=4592 Ack=6127 Win=4194048 Len=0"
"640","106.439413","13.107.42.14","10.2.13.112","TLSv1.2","396","New Session Ticket, Change Cipher Spec, Encrypted Handshake Message"
"641","106.439414","13.107.42.14","10.2.13.112","TLSv1.2","123","Application Data"
"642","106.439499","10.2.13.112","13.107.42.14","TCP","54","55392  >  443 [ACK] Seq=6127 Ack=5003 Win=261696 Len=0"
"643","106.439672","10.2.13.112","13.107.42.14","TLSv1.2","92","Application Data"
"644","106.451221","13.107.42.14","10.2.13.112","TLSv1.2","92","Application Data"
"645","106.451222","13.107.42.14","10.2.13.112","TCP","56","443  >  55392 [ACK] Seq=5041 Ack=6165 Win=4194048 Len=0"
"646","106.451326","10.2.13.112","13.107.42.14","TCP","54","55392  >  443 [ACK] Seq=6165 Ack=5041 Win=262080 Len=0"
"647","106.543828","13.107.42.14","10.2.13.112","TLSv1.2","543","Application Data"
"648","106.543902","10.2.13.112","13.107.42.14","TCP","54","55392  >  443 [ACK] Seq=6165 Ack=5530 Win=261632 Len=0"
"649","106.546142","10.2.13.112","13.107.42.14","TLSv1.2","140","Application Data"
"650","106.546203","10.2.13.112","13.107.42.14","TLSv1.2","504","Application Data"
"651","106.558237","13.107.42.14","10.2.13.112","TCP","56","443  >  55392 [ACK] Seq=5530 Ack=6251 Win=4194048 Len=0"
"652","106.558239","13.107.42.14","10.2.13.112","TCP","56","443  >  55392 [ACK] Seq=5530 Ack=6701 Win=4193536 Len=0"
"653","106.652764","13.107.42.14","10.2.13.112","TLSv1.2","229","Application Data"
"654","106.652847","10.2.13.112","13.107.42.14","TCP","54","55392  >  443 [ACK] Seq=6701 Ack=5705 Win=261952 Len=0"
"655","107.645288","10.2.13.112","13.107.42.14","TCP","54","55392  >  443 [FIN, ACK] Seq=6701 Ack=5705 Win=262144 Len=0"
"656","107.656253","13.107.42.14","10.2.13.112","TCP","56","443  >  55392 [ACK] Seq=5705 Ack=6702 Win=4193536 Len=0"
"657","107.656254","13.107.42.14","10.2.13.112","TCP","56","443  >  55392 [FIN, ACK] Seq=5705 Ack=6702 Win=4193536 Len=0"
"658","107.656523","10.2.13.112","13.107.42.14","TCP","54","55392  >  443 [ACK] Seq=6702 Ack=5706 Win=262144 Len=0"
"659","108.638940","10.2.13.112","13.107.42.14","TCP","78","55395  >  443 [SYN] Seq=0 Win=65535 Len=0 MSS=1460 WS=64 TSval=1616656698 TSecr=0 SACK_PERM"
"660","108.659103","13.107.42.14","10.2.13.112","TCP","66","443  >  55395 [SYN, ACK] Seq=0 Ack=1 Win=65535 Len=0 MSS=1440 WS=256 SACK_PERM"
"661","108.659245","10.2.13.112","13.107.42.14","TCP","54","55395  >  443 [ACK] Seq=1 Ack=1 Win=262144 Len=0"
"662","108.659731","10.2.13.112","13.107.42.14","TCP","1494","55395  >  443 [ACK] Seq=1 Ack=1 Win=262144 Len=1440 [TCP segment of a reassembled PDU]"
"663","108.659760","10.2.13.112","13.107.42.14","TLSv1.2","651","Client Hello (SNI=px.ads.linkedin.com)"
"664","108.671999","13.107.42.14","10.2.13.112","TCP","56","443  >  55395 [ACK] Seq=1 Ack=2038 Win=4194560 Len=0"
"665","108.675159","13.107.42.14","10.2.13.112","TCP","1514","443  >  55395 [ACK] Seq=1 Ack=2038 Win=4194560 Len=1460 [TCP segment of a reassembled PDU]"
"666","108.675160","13.107.42.14","10.2.13.112","TCP","1514","443  >  55395 [ACK] Seq=1461 Ack=2038 Win=4194560 Len=1460 [TCP segment of a reassembled PDU]"
"667","108.675161","13.107.42.14","10.2.13.112","TCP","1514","443  >  55395 [ACK] Seq=2921 Ack=2038 Win=4194560 Len=1460 [TCP segment of a reassembled PDU]"
"668","108.675162","13.107.42.14","10.2.13.112","TLSv1.2","265","Server Hello, Certificate, Certificate Status, Server Key Exchange, Server Hello Done"
"669","108.675230","10.2.13.112","13.107.42.14","TCP","54","55395  >  443 [ACK] Seq=2038 Ack=4592 Win=257536 Len=0"
"670","108.675340","10.2.13.112","13.107.42.14","TCP","54","[TCP Window Update] 55395  >  443 [ACK] Seq=2038 Ack=4592 Win=262144 Len=0"
"671","108.677763","10.2.13.112","13.107.42.14","TLSv1.2","212","Client Key Exchange, Change Cipher Spec, Encrypted Handshake Message"
"672","108.677931","10.2.13.112","13.107.42.14","TLSv1.2","153","Application Data"
"673","108.678196","10.2.13.112","13.107.42.14","TCP","1494","55395  >  443 [ACK] Seq=2295 Ack=4592 Win=262144 Len=1440 [TCP segment of a reassembled PDU]"
"674","108.678206","10.2.13.112","13.107.42.14","TLSv1.2","679","Application Data"
"675","108.678243","10.2.13.112","13.107.42.14","TCP","1494","55395  >  443 [ACK] Seq=4360 Ack=4592 Win=262144 Len=1440 [TCP segment of a reassembled PDU]"
"676","108.678245","10.2.13.112","13.107.42.14","TCP","1494","55395  >  443 [ACK] Seq=5800 Ack=4592 Win=262144 Len=1440 [TCP segment of a reassembled PDU]"
"677","108.678255","10.2.13.112","13.107.42.14","TLSv1.2","709","Application Data"
"678","108.689449","13.107.42.14","10.2.13.112","TCP","56","443  >  55395 [ACK] Seq=4592 Ack=2295 Win=4194304 Len=0"
"679","108.691364","13.107.42.14","10.2.13.112","TCP","56","443  >  55395 [ACK] Seq=4592 Ack=3735 Win=4194560 Len=0"
"680","108.691366","13.107.42.14","10.2.13.112","TCP","56","443  >  55395 [ACK] Seq=4592 Ack=4360 Win=4193792 Len=0"
"681","108.691366","13.107.42.14","10.2.13.112","TCP","56","443  >  55395 [ACK] Seq=4592 Ack=5800 Win=4194560 Len=0"
"682","108.691367","13.107.42.14","10.2.13.112","TCP","56","443  >  55395 [ACK] Seq=4592 Ack=7895 Win=4194560 Len=0"
"683","108.691367","13.107.42.14","10.2.13.112","TLSv1.2","396","New Session Ticket, Change Cipher Spec, Encrypted Handshake Message"
"684","108.691368","13.107.42.14","10.2.13.112","TLSv1.2","123","Application Data"
"685","108.691473","10.2.13.112","13.107.42.14","TCP","54","55395  >  443 [ACK] Seq=7895 Ack=5003 Win=261696 Len=0"
"686","108.691713","10.2.13.112","13.107.42.14","TLSv1.2","92","Application Data"
"687","108.702605","13.107.42.14","10.2.13.112","TLSv1.2","92","Application Data"
"688","108.702727","10.2.13.112","13.107.42.14","TCP","54","55395  >  443 [ACK] Seq=7933 Ack=5041 Win=262080 Len=0"
"689","108.703902","13.107.42.14","10.2.13.112","TCP","56","443  >  55395 [ACK] Seq=5041 Ack=7933 Win=4194304 Len=0"
"690","108.777338","10.2.13.112","13.107.42.14","TLSv1.2","141","Application Data"
"691","108.777444","10.2.13.112","13.107.42.14","TLSv1.2","509","Application Data"
"692","108.788624","13.107.42.14","10.2.13.112","TLSv1.2","544","Application Data"
"693","108.788625","13.107.42.14","10.2.13.112","TCP","56","443  >  55395 [ACK] Seq=5531 Ack=8020 Win=4194304 Len=0"
"694","108.788625","13.107.42.14","10.2.13.112","TCP","56","443  >  55395 [ACK] Seq=5531 Ack=8475 Win=4193792 Len=0"
"695","108.788668","10.2.13.112","13.107.42.14","TCP","54","55395  >  443 [ACK] Seq=8475 Ack=5531 Win=261632 Len=0"
"696","108.883967","13.107.42.14","10.2.13.112","TLSv1.2","231","Application Data"
"697","108.884045","10.2.13.112","13.107.42.14","TCP","54","55395  >  443 [ACK] Seq=8475 Ack=5708 Win=261952 Len=0"
"698","111.659411","10.2.13.112","13.107.42.14","TLSv1.2","229","Application Data"
"699","111.659501","10.2.13.112","13.107.42.14","TCP","1494","55395  >  443 [ACK] Seq=8650 Ack=5708 Win=262144 Len=1440 [TCP segment of a reassembled PDU]"
"700","111.659504","10.2.13.112","13.107.42.14","TLSv1.2","565","Application Data"
"701","111.671398","13.107.42.14","10.2.13.112","TCP","56","443  >  55395 [ACK] Seq=5708 Ack=8650 Win=4193792 Len=0"
"702","111.671399","13.107.42.14","10.2.13.112","TCP","56","443  >  55395 [ACK] Seq=5708 Ack=10601 Win=4194560 Len=0"
"703","111.772082","13.107.42.14","10.2.13.112","TLSv1.2","388","Application Data"
"704","111.772173","10.2.13.112","13.107.42.14","TCP","54","55395  >  443 [ACK] Seq=10601 Ack=6042 Win=261760 Len=0"
"705","112.647410","10.2.13.112","13.107.42.14","TCP","54","55395  >  443 [FIN, ACK] Seq=10601 Ack=6042 Win=262144 Len=0"
"706","112.667006","13.107.42.14","10.2.13.112","TCP","56","443  >  55395 [ACK] Seq=6042 Ack=10602 Win=4194560 Len=0"
"707","112.667008","13.107.42.14","10.2.13.112","TCP","56","443  >  55395 [FIN, ACK] Seq=6042 Ack=10602 Win=4194560 Len=0"
"708","112.667177","10.2.13.112","13.107.42.14","TCP","54","55395  >  443 [ACK] Seq=10602 Ack=6043 Win=262144 Len=0"
"709","115.370061","10.2.13.112","13.107.42.14","TCP","78","55398  >  443 [SYN] Seq=0 Win=65535 Len=0 MSS=1460 WS=64 TSval=4142176357 TSecr=0 SACK_PERM"
"710","115.382842","13.107.42.14","10.2.13.112","TCP","66","443  >  55398 [SYN, ACK] Seq=0 Ack=1 Win=65535 Len=0 MSS=1440 WS=256 SACK_PERM"
"711","115.383061","10.2.13.112","13.107.42.14","TCP","54","55398  >  443 [ACK] Seq=1 Ack=1 Win=262144 Len=0"
"712","115.383530","10.2.13.112","13.107.42.14","TCP","1494","55398  >  443 [ACK] Seq=1 Ack=1 Win=262144 Len=1440 [TCP segment of a reassembled PDU]"
"713","115.383563","10.2.13.112","13.107.42.14","TLSv1.2","715","Client Hello (SNI=px.ads.linkedin.com)"
"714","115.399410","13.107.42.14","10.2.13.112","TCP","56","443  >  55398 [ACK] Seq=1 Ack=1441 Win=4193024 Len=0"
"715","115.399412","13.107.42.14","10.2.13.112","TCP","56","443  >  55398 [ACK] Seq=1 Ack=2102 Win=4194560 Len=0"
"716","115.399468","13.107.42.14","10.2.13.112","TCP","1514","443  >  55398 [ACK] Seq=1 Ack=2102 Win=4194560 Len=1460 [TCP segment of a reassembled PDU]"
"717","115.399469","13.107.42.14","10.2.13.112","TCP","1514","443  >  55398 [ACK] Seq=1461 Ack=2102 Win=4194560 Len=1460 [TCP segment of a reassembled PDU]"
"718","115.399470","13.107.42.14","10.2.13.112","TCP","1514","443  >  55398 [ACK] Seq=2921 Ack=2102 Win=4194560 Len=1460 [TCP segment of a reassembled PDU]"
"719","115.399472","13.107.42.14","10.2.13.112","TLSv1.2","265","Server Hello, Certificate, Certificate Status, Server Key Exchange, Server Hello Done"
"720","115.399582","10.2.13.112","13.107.42.14","TCP","54","55398  >  443 [ACK] Seq=2102 Ack=4592 Win=257536 Len=0"
"721","115.399681","10.2.13.112","13.107.42.14","TCP","54","[TCP Window Update] 55398  >  443 [ACK] Seq=2102 Ack=4592 Win=262144 Len=0"
"722","115.402101","10.2.13.112","13.107.42.14","TLSv1.2","212","Client Key Exchange, Change Cipher Spec, Encrypted Handshake Message"
"723","115.402256","10.2.13.112","13.107.42.14","TLSv1.2","153","Application Data"
"724","115.402497","10.2.13.112","13.107.42.14","TCP","1494","55398  >  443 [ACK] Seq=2359 Ack=4592 Win=262144 Len=1440 [TCP segment of a reassembled PDU]"
"725","115.402507","10.2.13.112","13.107.42.14","TLSv1.2","679","Application Data"
"726","115.402536","10.2.13.112","13.107.42.14","TCP","1494","55398  >  443 [ACK] Seq=4424 Ack=4592 Win=262144 Len=1440 [TCP segment of a reassembled PDU]"
"727","115.402544","10.2.13.112","13.107.42.14","TLSv1.2","843","Application Data"
"728","115.413804","13.107.42.14","10.2.13.112","TCP","56","443  >  55398 [ACK] Seq=4592 Ack=2260 Win=4194304 Len=0"
"729","115.413805","13.107.42.14","10.2.13.112","TCP","56","443  >  55398 [ACK] Seq=4592 Ack=2359 Win=4194304 Len=0"
"730","115.417071","13.107.42.14","10.2.13.112","TCP","56","443  >  55398 [ACK] Seq=4592 Ack=3799 Win=4194560 Len=0"
"731","115.417072","13.107.42.14","10.2.13.112","TCP","56","443  >  55398 [ACK] Seq=4592 Ack=4424 Win=4193792 Len=0"
"732","115.417073","13.107.42.14","10.2.13.112","TCP","56","443  >  55398 [ACK] Seq=4592 Ack=6653 Win=4194560 Len=0"
"733","115.417073","13.107.42.14","10.2.13.112","TLSv1.2","396","New Session Ticket, Change Cipher Spec, Encrypted Handshake Message"
"734","115.417074","13.107.42.14","10.2.13.112","TLSv1.2","123","Application Data"
"735","115.417158","10.2.13.112","13.107.42.14","TCP","54","55398  >  443 [ACK] Seq=6653 Ack=5003 Win=261696 Len=0"
"736","115.417321","10.2.13.112","13.107.42.14","TLSv1.2","92","Application Data"
"737","115.429536","13.107.42.14","10.2.13.112","TLSv1.2","92","Application Data"
"738","115.429537","13.107.42.14","10.2.13.112","TCP","56","443  >  55398 [ACK] Seq=5041 Ack=6691 Win=4194304 Len=0"
"739","115.429649","10.2.13.112","13.107.42.14","TCP","54","55398  >  443 [ACK] Seq=6691 Ack=5041 Win=262080 Len=0"
"740","115.515755","13.107.42.14","10.2.13.112","TLSv1.2","541","Application Data"
"741","115.515798","10.2.13.112","13.107.42.14","TCP","54","55398  >  443 [ACK] Seq=6691 Ack=5528 Win=261632 Len=0"
"742","115.823726","10.2.13.112","13.107.42.14","TLSv1.2","229","Application Data"
"743","115.823793","10.2.13.112","13.107.42.14","TLSv1.2","437","Application Data"
"744","115.836745","13.107.42.14","10.2.13.112","TCP","56","443  >  55398 [ACK] Seq=5528 Ack=6866 Win=4194304 Len=0"
"745","115.836746","13.107.42.14","10.2.13.112","TCP","56","443  >  55398 [ACK] Seq=5528 Ack=7249 Win=4193792 Len=0"
"746","115.931533","13.107.42.14","10.2.13.112","TLSv1.2","230","Application Data"
"747","115.931627","10.2.13.112","13.107.42.14","TCP","54","55398  >  443 [ACK] Seq=7249 Ack=5704 Win=261952 Len=0"
"748","117.649575","10.2.13.112","13.107.42.14","TCP","54","55398  >  443 [FIN, ACK] Seq=7249 Ack=5704 Win=262144 Len=0"
"749","117.661325","13.107.42.14","10.2.13.112","TCP","56","443  >  55398 [ACK] Seq=5704 Ack=7250 Win=4193792 Len=0"
"750","117.661327","13.107.42.14","10.2.13.112","TCP","56","443  >  55398 [FIN, ACK] Seq=5704 Ack=7250 Win=4193792 Len=0"
"751","117.661470","10.2.13.112","13.107.42.14","TCP","54","55398  >  443 [ACK] Seq=7250 Ack=5705 Win=262144 Len=0"
